channelTitle,channelId,videoTitle,videoTitleLoc,videoId,videoSearchCategoryId,videoCategoryId,videoViews,videoQueryTime,videoTrendingRank,captionLang,captionType,id,videoCategory,assignable
MrBeast Gaming,UCIPPMRA040LQr5QPyJEbmXA,"$2 VS $16,000 Minecraft House!","$2 VS $16,000 Minecraft House!",IPtpwh7r0Eo,0,20,6524247,2021-08-26 12:04:15,1,,,20,Gaming,True
Sony Pictures Entertainment,UCz97F7dMxBNOfGYu3rx8aCw,SPIDER-MAN: NO WAY HOME - Official Teaser Trailer (HD),SPIDER-MAN: NO WAY HOME - Official Teaser Trailer (HD),rt-2cxAiPJk,0,24,48023405,2021-08-26 12:04:15,2,en,asr,24,Entertainment,True
The Canadian Lad,UCRI00CwLZdLRCWg5BdDOsNw,I Watched Spider-Man: No Way Home Trailer in 0.25x Speed and Here's What I Found,I Watched Spider-Man: No Way Home Trailer in 0.25x Speed and Here's What I Found,kdfIdBRIVd8,0,22,1070100,2021-08-26 12:04:15,3,en,asr,22,People & Blogs,True
The Canadian Lad,UCRI00CwLZdLRCWg5BdDOsNw,I Watched Spider-Man: No Way Home Trailer in 0.25x Speed and Here's What I Found,I Watched Spider-Man: No Way Home Trailer in 0.25x Speed and Here's What I Found,kdfIdBRIVd8,0,22,1070100,2021-08-26 12:04:15,3,en,standard,22,People & Blogs,True
Quando Rondo,UCLr1r2bBAwBPG3KJubtYyyg,Quando Rondo - Now or Never [Official Video],Quando Rondo - Now or Never [Official Video],9Wv3GNmKTJU,0,10,294466,2021-08-26 12:04:15,4,en,asr,10,Music,True
DaBaby,UC2CCXzC56k0b8L49R_iW-Yw,DaBaby - Whole Lotta Money (FREESTYLE) [Official Video],DaBaby - Whole Lotta Money (FREESTYLE) [Official Video],LU3yic1GIRw,0,10,2421304,2021-08-26 12:04:15,5,nl,asr,10,Music,True
How It Should Have Ended,UCHCph-_jLba_9atyCZJPLQQ,How Black Widow Should Have Ended,How Black Widow Should Have Ended,OnXy-K_yyc0,0,1,649149,2021-08-26 12:04:15,6,en,asr,1,Film & Animation,True
How It Should Have Ended,UCHCph-_jLba_9atyCZJPLQQ,How Black Widow Should Have Ended,How Black Widow Should Have Ended,OnXy-K_yyc0,0,1,649149,2021-08-26 12:04:15,6,en,standard,1,Film & Animation,True
Nick Eh 30,UCt9nYeSz90lnOnaVFjxFJzw,This was only in Fortnite for 2 hours!,This was only in Fortnite for 2 hours!,zVckQ96x7UU,0,20,1450022,2021-08-26 12:04:15,7,en,asr,20,Gaming,True
Louie's Life,UCZDdF_p-L88NWVpzF0vjvMQ,PERRRAS 22nd Bday PARTY *CRAZY* | Louie's Life,PERRRAS 22nd Bday PARTY *CRAZY* | Louie's Life,w870XJtBAYk,0,24,572878,2021-08-26 12:04:15,8,en,asr,24,Entertainment,True
Drew Gooden,UCTSRIY3GLFYIpkR2QwyeklA,I bought every weird ad I saw for a month,I bought every weird ad I saw for a month,UTHKgVPZ-is,0,23,1383193,2021-08-26 12:04:15,9,en,asr,23,Comedy,True
PearlescentMoon,UC1GJ5aeqpEWklMBQ3oXrPQQ,Hermitcraft S8: MOVING the Castle! | Episode 8,Hermitcraft S8: MOVING the Castle! | Episode 8,UaEWp9FT8c0,0,20,346891,2021-08-26 12:04:15,10,en,asr,20,Gaming,True
UnspeakablePlays,UC1n_yB_W-FZCbwajZPcs8Jw,Testing Clickbait Hacks From Level 1 To Level 100!,Testing Clickbait Hacks From Level 1 To Level 100!,5tCd6iN8XGM,0,20,1316497,2021-08-26 12:04:15,11,en,asr,20,Gaming,True
Saints Row,UCnozt2_C8K4wBXvRhhdhAAA,SAINTS ROW Official Announce Trailer,SAINTS ROW Official Announce Trailer,YgjzDJA1o1E,0,20,327941,2021-08-26 12:04:15,12,en,asr,20,Gaming,True
Saints Row,UCnozt2_C8K4wBXvRhhdhAAA,SAINTS ROW Official Announce Trailer,SAINTS ROW Official Announce Trailer,YgjzDJA1o1E,0,20,327941,2021-08-26 12:04:15,12,de,standard,20,Gaming,True
Saints Row,UCnozt2_C8K4wBXvRhhdhAAA,SAINTS ROW Official Announce Trailer,SAINTS ROW Official Announce Trailer,YgjzDJA1o1E,0,20,327941,2021-08-26 12:04:15,12,en,standard,20,Gaming,True
Saints Row,UCnozt2_C8K4wBXvRhhdhAAA,SAINTS ROW Official Announce Trailer,SAINTS ROW Official Announce Trailer,YgjzDJA1o1E,0,20,327941,2021-08-26 12:04:15,12,es-MX,standard,20,Gaming,True
Saints Row,UCnozt2_C8K4wBXvRhhdhAAA,SAINTS ROW Official Announce Trailer,SAINTS ROW Official Announce Trailer,YgjzDJA1o1E,0,20,327941,2021-08-26 12:04:15,12,es,standard,20,Gaming,True
Saints Row,UCnozt2_C8K4wBXvRhhdhAAA,SAINTS ROW Official Announce Trailer,SAINTS ROW Official Announce Trailer,YgjzDJA1o1E,0,20,327941,2021-08-26 12:04:15,12,fr-FR,standard,20,Gaming,True
Saints Row,UCnozt2_C8K4wBXvRhhdhAAA,SAINTS ROW Official Announce Trailer,SAINTS ROW Official Announce Trailer,YgjzDJA1o1E,0,20,327941,2021-08-26 12:04:15,12,it,standard,20,Gaming,True
Saints Row,UCnozt2_C8K4wBXvRhhdhAAA,SAINTS ROW Official Announce Trailer,SAINTS ROW Official Announce Trailer,YgjzDJA1o1E,0,20,327941,2021-08-26 12:04:15,12,ja,standard,20,Gaming,True
Saints Row,UCnozt2_C8K4wBXvRhhdhAAA,SAINTS ROW Official Announce Trailer,SAINTS ROW Official Announce Trailer,YgjzDJA1o1E,0,20,327941,2021-08-26 12:04:15,12,ko,standard,20,Gaming,True
Saints Row,UCnozt2_C8K4wBXvRhhdhAAA,SAINTS ROW Official Announce Trailer,SAINTS ROW Official Announce Trailer,YgjzDJA1o1E,0,20,327941,2021-08-26 12:04:15,12,pl,standard,20,Gaming,True
Saints Row,UCnozt2_C8K4wBXvRhhdhAAA,SAINTS ROW Official Announce Trailer,SAINTS ROW Official Announce Trailer,YgjzDJA1o1E,0,20,327941,2021-08-26 12:04:15,12,pt-BR,standard,20,Gaming,True
Saints Row,UCnozt2_C8K4wBXvRhhdhAAA,SAINTS ROW Official Announce Trailer,SAINTS ROW Official Announce Trailer,YgjzDJA1o1E,0,20,327941,2021-08-26 12:04:15,12,ru,standard,20,Gaming,True
Saints Row,UCnozt2_C8K4wBXvRhhdhAAA,SAINTS ROW Official Announce Trailer,SAINTS ROW Official Announce Trailer,YgjzDJA1o1E,0,20,327941,2021-08-26 12:04:15,12,zh-TW,standard,20,Gaming,True
Saints Row,UCnozt2_C8K4wBXvRhhdhAAA,SAINTS ROW Official Announce Trailer,SAINTS ROW Official Announce Trailer,YgjzDJA1o1E,0,20,327941,2021-08-26 12:04:15,12,zh,standard,20,Gaming,True
Heavy Spoilers,UCq3hT5JPPKy87JGbDls_5BQ,SPIDERMAN No Way Home Official Trailer Breakdown | Easter Eggs Explained & Things You Missed,SPIDERMAN No Way Home Official Trailer Breakdown | Easter Eggs Explained & Things You Missed,Ee5R29872_U,0,24,2621287,2021-08-26 12:04:15,13,en,asr,24,Entertainment,True
Deestroying,UC4mLlRa_dezwvytudo9s1sw,THE MOST DISGUSTING CATCH I'VE EVER WITNESSED!! (DALLAS 1ON1'S W/ DEZ BRYANT),THE MOST DISGUSTING CATCH I'VE EVER WITNESSED!! (DALLAS 1ON1'S W/ DEZ BRYANT),8RAYyfWHubg,0,24,956672,2021-08-26 12:04:15,14,en,asr,24,Entertainment,True
OliviaRodrigoVEVO,UCxE5jEls-T0QtlTHT8lI1lw,Olivia Rodrigo - brutal (Official Video),Olivia Rodrigo - brutal (Official Video),OGUy2UmRxJ0,0,10,9289843,2021-08-26 12:04:15,15,en,asr,10,Music,True
OliviaRodrigoVEVO,UCxE5jEls-T0QtlTHT8lI1lw,Olivia Rodrigo - brutal (Official Video),Olivia Rodrigo - brutal (Official Video),OGUy2UmRxJ0,0,10,9289843,2021-08-26 12:04:15,15,en,standard,10,Music,True
Sabaton,UCjQhd1APsd5NQhiVZV7GYzg,SABATON - Steel Commanders (Official Music Video),SABATON - Steel Commanders (Official Music Video),peTCePu1jMs,0,10,701427,2021-08-26 12:04:15,16,en,standard,10,Music,True
Dude Perfect,UCRijo3ddMTht_IHyNSNXpNQ,Submarine Minefield Battle,Submarine Minefield Battle,BTVMLRSsb3o,0,17,5438521,2021-08-26 12:04:15,17,en,asr,17,Sports,True
Toosii 2x,UCUtmzHuW43bFbUP-Xl0TTKA,Toosii - HEARTBREAK ANNIVERSARY (Giveon Sample) [Official Audio],Toosii - HEARTBREAK ANNIVERSARY (Giveon Sample) [Official Audio],bCfdQTAyhVs,0,10,510974,2021-08-26 12:04:15,18,en,asr,10,Music,True
Fizzory,UC4TLfCoiFGP3TGesLorGJRQ,"Minecraft, But You Can't Touch Sand... #Shorts","Minecraft, But You Can't Touch Sand... #Shorts",1GER5lLgXMA,0,1,505631,2021-08-26 12:04:15,19,en,asr,1,Film & Animation,True
IShowSpeed,UCWsDFcIhY2DBi3GB5uykGXA,IShowSpeed - Dooty Booty (Official Music Video) [Prod TgX],IShowSpeed - Dooty Booty (Official Music Video) [Prod TgX],H4-EPbqExLA,0,10,751426,2021-08-26 12:04:15,20,en,asr,10,Music,True
Chloe Ting,UCCgLoMYIyP0U56dEhEL1wXQ,I've had enough.,I've had enough.,vvjSGN45nKc,0,26,944944,2021-08-26 12:04:15,21,vi,asr,26,Howto & Style,True
Chloe Ting,UCCgLoMYIyP0U56dEhEL1wXQ,I've had enough.,I've had enough.,vvjSGN45nKc,0,26,944944,2021-08-26 12:04:15,21,en,standard,26,Howto & Style,True
CinemaBlend,UCq-O4Sq5kfgFgJN2jcgo8hw,"'The Matrix 4' Finally Has A Title, Debuts First Footage","'The Matrix 4' Finally Has A Title, Debuts First Footage",RNz427j1qXg,0,24,434551,2021-08-26 12:04:15,22,en,asr,24,Entertainment,True
LukeCombsVEVO,UCwLK17rpMFUfktQEcMzSyWg,Luke Combs - Cold As You (Official Video),Luke Combs - Cold As You (Official Video),Y4BfaojXcWE,0,10,244052,2021-08-26 12:04:15,23,en,asr,10,Music,True
LukeCombsVEVO,UCwLK17rpMFUfktQEcMzSyWg,Luke Combs - Cold As You (Official Video),Luke Combs - Cold As You (Official Video),Y4BfaojXcWE,0,10,244052,2021-08-26 12:04:15,23,en,standard,10,Music,True
MUSIC VIP,UCx3kao_8u_QgFU1MWO19YHg,Grupo Firme  - En Vivo Desde Culiac√°n,Grupo Firme  - En Vivo Desde Culiac√°n,wLrtHQSDPys,0,10,550340,2021-08-26 12:04:15,24,es,asr,10,Music,True
The Reel Rejects,UC7_WiJnJxpm4MRNesRttzWg,SPIDER-MAN NO WAY HOME TEASER TRAILER - REACTION!! (Marvel Breakdown | Green Goblin | Doc Ock),SPIDER-MAN NO WAY HOME TEASER TRAILER - REACTION!! (Marvel Breakdown | Green Goblin | Doc Ock),OlaOZaPYxtc,0,24,1309606,2021-08-26 12:04:15,25,en,asr,24,Entertainment,True
Berm Peak,UCu8YylsPiu9XfaQC74Hr_Gw,Restoring a Crusty $200 Hardtail for Cash (Flip Bike EP3),Restoring a Crusty $200 Hardtail for Cash (Flip Bike EP3),Y2dXMKWpwj0,0,17,330557,2021-08-26 12:04:15,26,en,asr,17,Sports,True
Berm Peak,UCu8YylsPiu9XfaQC74Hr_Gw,Restoring a Crusty $200 Hardtail for Cash (Flip Bike EP3),Restoring a Crusty $200 Hardtail for Cash (Flip Bike EP3),Y2dXMKWpwj0,0,17,330557,2021-08-26 12:04:15,26,en,standard,17,Sports,True
Spinabenz,UCr4WuTTeREAU_cN9PWU6hqQ,"Spinabenz ""First Week Out"" (Official Music Video)","Spinabenz ""First Week Out"" (Official Music Video)",_HXlwYp7lxQ,0,10,280660,2021-08-26 12:04:15,27,en,asr,10,Music,True
ScreenCrush,UCgMJGv4cQl8-q71AyFeFmtg,SPIDER-MAN No Way Home: Every EASTER EGG + LOKI Connection in the Marvel Trailer | MCU Breakdown,SPIDER-MAN No Way Home: Every EASTER EGG + LOKI Connection in the Marvel Trailer | MCU Breakdown,vbCZ_afBBnQ,0,1,875070,2021-08-26 12:04:15,28,en,asr,1,Film & Animation,True
Lil Baby Official 4PF,UCVS88tG_NYgxF6Udnx2815Q,"Lil Baby x Lil Durk - ""Okay"" (Official Lyric Video)","Lil Baby x Lil Durk - ""Okay"" (Official Lyric Video)",dlPuNBZhqiE,0,24,182215,2021-08-26 12:04:15,29,pt,asr,24,Entertainment,True
Datto,UCkmAjbIecTIjTQctolYeuDw,Destiny 2: How Season of the Lost Works,Destiny 2: How Season of the Lost Works,MyURIke_GrY,0,20,202349,2021-08-26 12:04:15,30,en,standard,20,Gaming,True
sWooZie,UCUKi4zY5ETSqrKAjTBgjM-g,School Bully 2,School Bully 2,bDQm1Thb9WU,0,1,671477,2021-08-26 12:04:15,31,en,asr,1,Film & Animation,True
Anuel AA,UCRI7hheejBbWS6etTNwMT0g,Anuel AA - 23 Preguntas (Video Oficial),Anuel AA - 23 Preguntas (Video Oficial),5Bcs0me4u8g,0,10,7751817,2021-08-26 12:04:15,32,,,10,Music,True
Destiny 2,UC52XYgEExV9VG6Rt-6vnzVA,Destiny 2: The Witch Queen - Gameplay Trailer,Destiny 2: The Witch Queen - Gameplay Trailer,1bkKwhMgI6s,0,20,516500,2021-08-26 12:04:15,33,,,20,Gaming,True
GQ,UCsEukrAd64fqA7FjwkmZ_Dw,10 Things Jonah Hill Can't Live Without | GQ,10 Things Jonah Hill Can't Live Without | GQ,9_x11mLAn8c,0,24,572134,2021-08-26 12:04:15,34,en,asr,24,Entertainment,True
GQ,UCsEukrAd64fqA7FjwkmZ_Dw,10 Things Jonah Hill Can't Live Without | GQ,10 Things Jonah Hill Can't Live Without | GQ,9_x11mLAn8c,0,24,572134,2021-08-26 12:04:15,34,en-US,standard,24,Entertainment,True
New Rockstars,UC7yRILFFJ2QZCykymr8LPwA,Spider-Man No Way Home Trailer REACTION! Green Goblin CONFIRMED!,Spider-Man No Way Home Trailer REACTION! Green Goblin CONFIRMED!,3IdZTGh6HHY,0,24,1519959,2021-08-26 12:04:15,35,en,asr,24,Entertainment,True
Mav,UCL_BZpt0J9Kqwy6YPWr30ow,Car Camping with Arctic Air - Will it Work?,Car Camping with Arctic Air - Will it Work?,XJzEA3Uucpk,0,24,407215,2021-08-26 12:04:15,36,en,asr,24,Entertainment,True
The Late Late Show with James Corden,UCJ0uqCI0Vqr2Rrt1HseGirg,Tom Cruise Wanted To Land Chopper On James' House,Tom Cruise Wanted To Land Chopper On James' House,m_1rhyqztSg,0,24,196146,2021-08-26 12:04:15,37,en,asr,24,Entertainment,True
The Late Late Show with James Corden,UCJ0uqCI0Vqr2Rrt1HseGirg,Tom Cruise Wanted To Land Chopper On James' House,Tom Cruise Wanted To Land Chopper On James' House,m_1rhyqztSg,0,24,196146,2021-08-26 12:04:15,37,en,standard,24,Entertainment,True
Destiny 2,UC52XYgEExV9VG6Rt-6vnzVA,Destiny 2: The Witch Queen - Reveal Trailer,Destiny 2: The Witch Queen - Reveal Trailer,P0IlFZ61734,0,20,453490,2021-08-26 12:04:15,38,,,20,Gaming,True
BigGucci Sosa,UC0032Wkd3aCT4rRi1YOV3gQ,Chief Keef & Mike WiLL Made-It - HARLEY QUINN (Official Music Video),Chief Keef & Mike WiLL Made-It - HARLEY QUINN (Official Music Video),0wXwDa0ytvw,0,10,589737,2021-08-26 12:04:15,39,en,asr,10,Music,True
SAVANNAH DEXTER,UCC_66Dd88p5EMqpR8Y4mUTw,Savannah Dexter - Bring It ft. Brabo Gator  (Official Music Video),Savannah Dexter - Bring It ft. Brabo Gator  (Official Music Video),G6V8tywKaF8,0,10,156610,2021-08-26 12:04:15,40,,,10,Music,True
Dwayne N Jazz,UCtRDjvmnxgv6nNL6h696UYg,"""SPIDER-MAN: NO WAY HOME"" Official Teaser Trailer REACTION!!!","""SPIDER-MAN: NO WAY HOME"" Official Teaser Trailer REACTION!!!",o8UiE_U0cPs,0,24,492772,2021-08-26 12:04:15,41,en,asr,24,Entertainment,True
60 Minutes,UCsN32BtMd0IoByjJRNF12cw,Charlie Watts on the roles of the Rolling Stones,Charlie Watts on the roles of the Rolling Stones,fkAfh7wsnK4,0,25,134545,2021-08-26 12:04:15,42,en,asr,25,News & Politics,True
SUPES,UCsx9LNbx3SxE4edC8nOvT4g,SPIDER-MAN NO WAY HOME TRAILER REACTION!,SPIDER-MAN NO WAY HOME TRAILER REACTION!,q7VChbftTr0,0,1,462177,2021-08-26 12:04:15,43,en,asr,1,Film & Animation,True
Burna Boy,UCEzDdNqNkT-7rSfSGSr1hWg,Burna Boy - Question feat. Don Jazzy [Official Music Video],Burna Boy - Question feat. Don Jazzy [Official Music Video],0rOer3k2DWg,0,10,1348795,2021-08-26 12:04:15,44,,,10,Music,True
DrDisRespect,UCcJL2ld6kxy_nuV1u7PVQ0g,DrDisrespect FINALLY opens up about you know what.,DrDisrespect FINALLY opens up about you know what.,PkqZhyukSW0,0,20,622062,2021-08-26 12:04:15,45,en,asr,20,Gaming,True
Colleen Ballinger,UCR-QYzXrZF8yFarK8wZbHog,PREGNANCY MUKBANG! Her Water Almost Breaks!,PREGNANCY MUKBANG! Her Water Almost Breaks!,1j4K2orivm0,0,23,758712,2021-08-26 12:04:15,46,en,asr,23,Comedy,True
Big guy,UCWZp4y1jqBuvLtiyxSs_ZBw,Big guy is back,Big guy is back,YH8zZH7yOUQ,0,24,207055,2021-08-26 12:04:15,47,en,asr,24,Entertainment,True
PBS Eons,UCzR-rom72PHN9Zg7RML9EbA,How the Starfish Got Its Arms,How the Starfish Got Its Arms,5GdkQJN1XZs,0,28,277541,2021-08-26 12:04:15,48,en,asr,28,Science & Technology,True
PBS Eons,UCzR-rom72PHN9Zg7RML9EbA,How the Starfish Got Its Arms,How the Starfish Got Its Arms,5GdkQJN1XZs,0,28,277541,2021-08-26 12:04:15,48,en,standard,28,Science & Technology,True
Smosh Pit,UCYJPby9DRCteedh5tfxVbrw,Try Not To Laugh Challenge #77 - Green Screen Edition!,Try Not To Laugh Challenge #77 - Green Screen Edition!,OhsKLnWtDwI,0,22,585099,2021-08-26 12:04:15,49,en,asr,22,People & Blogs,True
Smosh Pit,UCYJPby9DRCteedh5tfxVbrw,Try Not To Laugh Challenge #77 - Green Screen Edition!,Try Not To Laugh Challenge #77 - Green Screen Edition!,OhsKLnWtDwI,0,22,585099,2021-08-26 12:04:15,49,en,standard,22,People & Blogs,True
Beast Reacts,UCUaT_39o1x6qWjz7K2pWcgw,Most Expensive Luxury Items!,Most Expensive Luxury Items!,PJC-oRDwwY8,0,24,6795115,2021-08-26 12:04:15,50,,,24,Entertainment,True
Lil Baby Official 4PF,UCVS88tG_NYgxF6Udnx2815Q,"Lil Baby x Lil Durk feat. Travis Scott - ""Hats Off"" (Official Lyric Video)","Lil Baby x Lil Durk feat. Travis Scott - ""Hats Off"" (Official Lyric Video)",i6aTV2Khv3o,0,24,230140,2021-08-26 12:04:16,51,,,24,Entertainment,True
Casual Geographic,UC5Yo88QF-chdugJbAnB2tUw,Animals that Got the Middle Finger from Evolution,Animals that Got the Middle Finger from Evolution,s5p6vGuWqeQ,0,22,751762,2021-08-26 12:04:16,52,en,asr,22,People & Blogs,True
The Cosmic Wonder,UClG1AcuVOU5Cn-ivHm3JRoA,Spider-Man No Way Home Official TRAILER UPDATE - ITS OUT,Spider-Man No Way Home Official TRAILER UPDATE - ITS OUT,VAjwkyJIbFo,0,1,1097026,2021-08-26 12:04:16,53,en,asr,1,Film & Animation,True
Zee Bashew,UCCXR2kCo7Lcw_BKwWxo09kw,Gift of Gab: This spell nobody uses is cool.  #5e #dnd #nosave #animatedspellbook #spellbook,Gift of Gab: This spell nobody uses is cool.  #5e #dnd #nosave #animatedspellbook #spellbook,I9ECI4-7SWc,0,1,198334,2021-08-26 12:04:16,54,en,asr,1,Film & Animation,True
LazarBeam,UCw1SQ6QRRtfAhrN_cjkrOgA,TIKTOKS that make you HAHA,TIKTOKS that make you HAHA,SlLk7-DdUgg,0,20,5221195,2021-08-26 12:04:16,55,en,asr,20,Gaming,True
PBC ON FOX,UCxm10NbD7LF1fVYcbHbcbXg,Manny Pacquiao vs. Yordenis Ugas: First Look Highlights | PBC ON FOX,Manny Pacquiao vs. Yordenis Ugas: First Look Highlights | PBC ON FOX,px7iZfR-RVQ,0,17,1590882,2021-08-26 12:04:16,56,en,asr,17,Sports,True
Foolish Baseball,UCbW12JIVAdi5NugdakbU33A,"How Good Is Yadier Molina, Really? | Baseball Bits","How Good Is Yadier Molina, Really? | Baseball Bits",fphDdSdqI28,0,17,189434,2021-08-26 12:04:16,57,en,asr,17,Sports,True
Ray William Johnson,UCGt7X90Au6BV8rf49BiM6Dg,If I lived in the 1960s... #shorts,If I lived in the 1960s... #shorts,ka2RU6g15tw,0,23,616838,2021-08-26 12:04:16,58,en,asr,23,Comedy,True
Dude Perfect Plus,UCmo9ZEJ3ipgaZdkiRRYtLAg,Submarine Minefield Battle | Behind the Scenes,Submarine Minefield Battle | Behind the Scenes,46ZgqAVCAVU,0,22,244924,2021-08-26 12:04:16,59,en,asr,22,People & Blogs,True
K A C E Y M U S G R A V E S,UCAxUOuaNs8e63_MRqhTdmaQ,KACEY MUSGRAVES | star-crossed : the film (official trailer),KACEY MUSGRAVES | star-crossed : the film (official trailer),tLqt_6W2JXU,0,10,202039,2021-08-26 12:04:16,60,,,10,Music,True
Megan Thee Stallion,UCKrdjiuS66yXOdEZ_cOD_TA,Megan Thee Stallion - Tuned In Freestyle,Megan Thee Stallion - Tuned In Freestyle,qLihZnosaGo,0,10,1047374,2021-08-26 12:04:16,61,en,asr,10,Music,True
Lil Baby Official 4PF,UCVS88tG_NYgxF6Udnx2815Q,Lil Baby x Lil Durk - 2040 (Official Lyric Video),Lil Baby x Lil Durk - 2040 (Official Lyric Video),knTFu2Mb5yA,0,24,134627,2021-08-26 12:04:16,62,es,asr,24,Entertainment,True
SSundee,UCke6I9N4KfC968-yRcd5YRg,WEDDING Mod in Among Us,WEDDING Mod in Among Us,OGWs118qxa0,0,20,5352254,2021-08-26 12:04:16,63,en,asr,20,Gaming,True
Anton Petrov,UCciQ8wFcVoIIMi-lfu8-cjQ,Major Breakthrough in Nuclear Fusion After Decades of Research,Major Breakthrough in Nuclear Fusion After Decades of Research,5M5U2_9eEgM,0,28,430366,2021-08-26 12:04:16,64,en,asr,28,Science & Technology,True
Mnet K-POP,UCbD8EppRX3ZwJSou-TVo90A,[ÏµúÏ¥à Í≥µÍ∞ú] ‚ô¨ ÏÜåÎ¶¨Íæº - Ïä§Ìä∏Î†àÏù¥ ÌÇ§Ï¶à(Stray Kids) | Ïä§Ìä∏Î†àÏù¥ÌÇ§Ï¶à Ïª¥Î∞±Ïáº {NOEASY},[ÏµúÏ¥à Í≥µÍ∞ú] ‚ô¨ ÏÜåÎ¶¨Íæº - Ïä§Ìä∏Î†àÏù¥ ÌÇ§Ï¶à(Stray Kids) | Ïä§Ìä∏Î†àÏù¥ÌÇ§Ï¶à Ïª¥Î∞±Ïáº {NOEASY},JlIfPogZ-No,0,24,2063293,2021-08-26 12:04:16,65,fr,asr,24,Entertainment,True
Apple TV,UC1Myj674wRVXB9I4c6Hm5zA,The Morning Show ‚Äî Season 2 Official Trailer | Apple TV+,The Morning Show ‚Äî Season 2 Official Trailer | Apple TV+,-qZWPTsR-Wc,0,24,5137096,2021-08-26 12:04:16,66,en,asr,24,Entertainment,True
Apple TV,UC1Myj674wRVXB9I4c6Hm5zA,The Morning Show ‚Äî Season 2 Official Trailer | Apple TV+,The Morning Show ‚Äî Season 2 Official Trailer | Apple TV+,-qZWPTsR-Wc,0,24,5137096,2021-08-26 12:04:16,66,en,standard,24,Entertainment,True
Craftee,UCKGNVB2moP-zeAWPmw8HvAA,Minecraft But Villagers Beat the game for you,Minecraft But Villagers Beat the game for you,6UbiPJkc-4U,0,20,2103603,2021-08-26 12:04:16,67,en,asr,20,Gaming,True
SEC Shorts,UCUOZvgB9Q8AgZjjLYcLWztQ,SEC Shorts - BIG 12 loses Texas and Oklahoma Cast Away style,SEC Shorts - BIG 12 loses Texas and Oklahoma Cast Away style,LQl1iewrZMg,0,23,156547,2021-08-26 12:04:16,68,en,standard,23,Comedy,True
SomeThingElseYT,UCvUmwreRrbxeR1mbmojj8fg,I‚Äôm moving again,I‚Äôm moving again,MR6QVtSC4l8,0,23,706596,2021-08-26 12:04:16,69,en,asr,23,Comedy,True
Ozuna,UCjIA3wwhi0QjSOXAZwOXbPA,Call of Duty Mobile Presents: Ozuna,Call of Duty Mobile Presents: Ozuna,iCJy-iQYAWE,0,10,662910,2021-08-26 12:04:16,70,es,asr,10,Music,True
CBS Sports Golazo,UCET00YnetHT7tOpu12v8jxg,Udinese vs. Juventus: Extended Highlights | Serie A | CBS Sports Golazo,Udinese vs. Juventus: Extended Highlights | Serie A | CBS Sports Golazo,Uwn9U-XZBVY,0,17,189507,2021-08-26 12:04:16,71,en,asr,17,Sports,True
CBS Sports Golazo,UCET00YnetHT7tOpu12v8jxg,Udinese vs. Juventus: Extended Highlights | Serie A | CBS Sports Golazo,Udinese vs. Juventus: Extended Highlights | Serie A | CBS Sports Golazo,Uwn9U-XZBVY,0,17,189507,2021-08-26 12:04:16,71,en,standard,17,Sports,True
WWE,UCJ5v_MCY6GNUBTO8-D3XoAg,Brock Lesnar comes calling for Roman Reigns: SummerSlam 2021 (WWE Network Exclusive),Brock Lesnar comes calling for Roman Reigns: SummerSlam 2021 (WWE Network Exclusive),G9LXOHy-AH8,0,17,5648666,2021-08-26 12:04:16,72,en,standard,17,Sports,True
DW News,UCknLrEdhRCp1aegoMqRaCZg,Firefight at Kabul airport as Afghans scramble to flee Taliban | DW News,Firefight at Kabul airport as Afghans scramble to flee Taliban | DW News,lygpSUx312w,0,25,787514,2021-08-26 12:04:16,73,en,asr,25,News & Politics,True
CBS Sports Golazo,UCET00YnetHT7tOpu12v8jxg,Roma vs. Fiorentina: Extended Highlights | Serie A | CBS Sports Golazo,Roma vs. Fiorentina: Extended Highlights | Serie A | CBS Sports Golazo,AwHHXkg0gWU,0,17,156756,2021-08-26 12:04:16,74,en,asr,17,Sports,True
MissBeast Gaming,UCkYT_hnNBOjWlnTsH6O5roA,Minecraft Raft!shorts,Minecraft Raft!shorts,9br1Y6MktTw,0,20,1488426,2021-08-26 12:04:16,75,,,20,Gaming,True
bald and bankrupt,UCxDZs_ltFFvn0FDHT6kmoXA,Dodgy Burgers And Gopnik Dogs In Ukraine üá∫üá¶,Dodgy Burgers And Gopnik Dogs In Ukraine üá∫üá¶,VlEdku1-1gA,0,19,756515,2021-08-26 12:04:16,76,en,asr,19,Travel & Events,True
bald and bankrupt,UCxDZs_ltFFvn0FDHT6kmoXA,Dodgy Burgers And Gopnik Dogs In Ukraine üá∫üá¶,Dodgy Burgers And Gopnik Dogs In Ukraine üá∫üá¶,VlEdku1-1gA,0,19,756515,2021-08-26 12:04:16,76,en,standard,19,Travel & Events,True
bald and bankrupt,UCxDZs_ltFFvn0FDHT6kmoXA,Dodgy Burgers And Gopnik Dogs In Ukraine üá∫üá¶,Dodgy Burgers And Gopnik Dogs In Ukraine üá∫üá¶,VlEdku1-1gA,0,19,756515,2021-08-26 12:04:16,76,es,standard,19,Travel & Events,True
bald and bankrupt,UCxDZs_ltFFvn0FDHT6kmoXA,Dodgy Burgers And Gopnik Dogs In Ukraine üá∫üá¶,Dodgy Burgers And Gopnik Dogs In Ukraine üá∫üá¶,VlEdku1-1gA,0,19,756515,2021-08-26 12:04:16,76,ja,standard,19,Travel & Events,True
bald and bankrupt,UCxDZs_ltFFvn0FDHT6kmoXA,Dodgy Burgers And Gopnik Dogs In Ukraine üá∫üá¶,Dodgy Burgers And Gopnik Dogs In Ukraine üá∫üá¶,VlEdku1-1gA,0,19,756515,2021-08-26 12:04:16,76,ru,standard,19,Travel & Events,True
bald and bankrupt,UCxDZs_ltFFvn0FDHT6kmoXA,Dodgy Burgers And Gopnik Dogs In Ukraine üá∫üá¶,Dodgy Burgers And Gopnik Dogs In Ukraine üá∫üá¶,VlEdku1-1gA,0,19,756515,2021-08-26 12:04:16,76,uk,standard,19,Travel & Events,True
Polo G,UC0ifXd2AVf1LMYbqwB5GH4g,Polo G - Black Hearted (Official Video),Polo G - Black Hearted (Official Video),h9CSvdiOY3M,0,10,2036132,2021-08-26 12:04:16,77,pt,asr,10,Music,True
DemiLovatoVEVO,UCnyB9MYKRkSFK3IIB32CoVw,Demi Lovato - Melon Cake,Demi Lovato - Melon Cake,rMmWt1VDbnc,0,10,1137551,2021-08-26 12:04:16,78,en,asr,10,Music,True
DemiLovatoVEVO,UCnyB9MYKRkSFK3IIB32CoVw,Demi Lovato - Melon Cake,Demi Lovato - Melon Cake,rMmWt1VDbnc,0,10,1137551,2021-08-26 12:04:16,78,en,standard,10,Music,True
Alexa Rivera,UCPpATKqmMV-CNRNWYaDUwiA,I TRIED TO KISS MY BEST FRIEND!!,I TRIED TO KISS MY BEST FRIEND!!,DCTyzZMKOCc,0,26,3264818,2021-08-26 12:04:16,79,en,asr,26,Howto & Style,True
YOLO HOUSE,UCIhBYw9Hgl-SFWnvZGSWiTw,23.08,23.08,d5ZTDX1Ju98,0,22,497829,2021-08-26 12:04:16,80,ru,asr,22,People & Blogs,True
YOLO HOUSE,UCIhBYw9Hgl-SFWnvZGSWiTw,23.08,23.08,d5ZTDX1Ju98,0,22,497829,2021-08-26 12:04:16,80,en,standard,22,People & Blogs,True
Renju,UCWrOGTH4hGCSi6lJ2wmAULw,Testing Season 1 Fortnite Glitches (they worked),Testing Season 1 Fortnite Glitches (they worked),TZntek2pIVE,0,20,591672,2021-08-26 12:04:16,81,en,asr,20,Gaming,True
The Game Theorists,UCo_IB5145EVNcf8hw1Kku7w,"Game Theory: Minecraft, Do NOT Kill The Ender Dragon!","Game Theory: Minecraft, Do NOT Kill The Ender Dragon!",VDhxbN7Dg1U,0,20,2539645,2021-08-26 12:04:16,82,en,asr,20,Gaming,True
Fox News,UCXIJgqnII2ZOINSWNOGFThA,Jen Psaki holds White House press briefing | 8/23/2021,Jen Psaki holds White House press briefing | 8/23/2021,a0Iuzz-YdDs,0,25,444986,2021-08-26 12:04:16,83,en,asr,25,News & Politics,True
All Elite Wrestling,UCFN4JkGP_bVhAdBsoV9xftA,"CM Punk Has Arrived in AEW! | AEW Rampage: The First Dance, 8/20/21","CM Punk Has Arrived in AEW! | AEW Rampage: The First Dance, 8/20/21",ByAXCjqBzLg,0,24,7352485,2021-08-26 12:04:16,84,,,24,Entertainment,True
Hoonigan,UCXlfi8sf6cKGQ8sOd0-yRuw,Hand-built widebody 808hp TRANS AM vs Time Attack E36 M3  // This VS That,Hand-built widebody 808hp TRANS AM vs Time Attack E36 M3  // This VS That,KsGnwBUqkK0,0,2,530786,2021-08-26 12:04:16,85,en,asr,2,Autos & Vehicles,True
Westen Champlin,UChRlaISXbl2gECFAmDzxgzg,First Race with 1300HP Hellcat Jet with Twin Turbos,First Race with 1300HP Hellcat Jet with Twin Turbos,TqofHA9I27o,0,2,1044733,2021-08-26 12:04:16,86,en,asr,2,Autos & Vehicles,True
DisneyPlus Hotstar,UC0PTktRYpZXb6On0_zFKWIg,"Maestro | Official Trailer | Nithiin, Tamannah Bhatia, Nabha Natesh, Jissu Sen Gupta | Coming Soon","Maestro | Official Trailer | Nithiin, Tamannah Bhatia, Nabha Natesh, Jissu Sen Gupta | Coming Soon",pgEJDVQUp3s,0,24,7030243,2021-08-26 12:04:16,87,en,asr,24,Entertainment,True
Gigguk,UC7dF9qfBMXrSlaaFFDvV_Yg,China Is Taking Over Your Favourite Anime,China Is Taking Over Your Favourite Anime,bI9PtkURa-g,0,1,706404,2021-08-26 12:04:16,88,en,asr,1,Film & Animation,True
OfflineTV,UCDK9qD5DAQML-pzrtA7A4oA,OFFLINETV COMFY CARTEL PLAYS MAFIA ft. Myth Fuslie Valkyrae,OFFLINETV COMFY CARTEL PLAYS MAFIA ft. Myth Fuslie Valkyrae,vPbn3dMuksw,0,20,1688885,2021-08-26 12:04:16,89,en,asr,20,Gaming,True
WWE,UCJ5v_MCY6GNUBTO8-D3XoAg,Full SummerSlam 2021 highlights (WWE Network Exclusive),Full SummerSlam 2021 highlights (WWE Network Exclusive),meRNQm7cmzU,0,17,4068918,2021-08-26 12:04:16,90,en,standard,17,Sports,True
Pat.,UCqKDglK9ZyPR7JjJnMCTpvg,minecraft but I can't touch the water or else.... #shorts,minecraft but I can't touch the water or else.... #shorts,pU6nyrp2Oe8,0,20,632866,2021-08-26 12:04:16,91,en,asr,20,Gaming,True
Action Lab Shorts,UCA19mAJURyYHbJzhfpqhpCA,Antibubbles Are Weird!,Antibubbles Are Weird!,ndtURI_jqCM,0,28,1131087,2021-08-26 12:04:16,92,en,asr,28,Science & Technology,True
Serie A,UCBJeMCIeLQos7wacox4hmLQ,Udinese 2-2 Juventus | Udinese pull off comeback to surprise Juve! | Serie A 2021/22,Udinese 2-2 Juventus | Udinese pull off comeback to surprise Juve! | Serie A 2021/22,zpJoEYV-w6Q,0,17,2508929,2021-08-26 12:04:16,93,en,asr,17,Sports,True
4baadimh01,UCsu3clJwL_TJ1vQDXX31B6Q,What Do You Call a Policemen in Bed - Officer Reaction üòÇ,What Do You Call a Policemen in Bed - Officer Reaction üòÇ,-wR_tTgux0Q,0,24,1972747,2021-08-26 12:04:16,94,en,asr,24,Entertainment,True
PrestonPlayz,UCJZam2u1G0syq3kyqrCXrNw,Minecraft but You Can't Touch the Color Green...,Minecraft but You Can't Touch the Color Green...,Ji2eXIZmTjI,0,20,3719949,2021-08-26 12:04:16,95,en,asr,20,Gaming,True
All Elite Wrestling,UCFN4JkGP_bVhAdBsoV9xftA,"CM Punk Speaks for the First Time Ever in AEW | AEW Rampage: The First Dance, 8/20/21","CM Punk Speaks for the First Time Ever in AEW | AEW Rampage: The First Dance, 8/20/21",KrZXDqREmaU,0,24,5115730,2021-08-26 12:04:16,96,en,asr,24,Entertainment,True
DREAMERSPRO,UCGun0enIN7p0ZfqzKqPvD5w,Stephen A Smith Finally Breaks His Silence On Max Kellerman Leaving ESPN First Take,Stephen A Smith Finally Breaks His Silence On Max Kellerman Leaving ESPN First Take,vlusdu1l3zE,0,17,245498,2021-08-26 12:04:16,97,en,asr,17,Sports,True
JianHao Tan,UCGwcH4qnJ2qM_ZJUSFcAMAA,13 Types of Punishments We Hate in School,13 Types of Punishments We Hate in School,uw3sRwWAaoQ,0,23,1780615,2021-08-26 12:04:16,98,en,asr,23,Comedy,True
JianHao Tan,UCGwcH4qnJ2qM_ZJUSFcAMAA,13 Types of Punishments We Hate in School,13 Types of Punishments We Hate in School,uw3sRwWAaoQ,0,23,1780615,2021-08-26 12:04:16,98,hi,standard,23,Comedy,True
JianHao Tan,UCGwcH4qnJ2qM_ZJUSFcAMAA,13 Types of Punishments We Hate in School,13 Types of Punishments We Hate in School,uw3sRwWAaoQ,0,23,1780615,2021-08-26 12:04:16,98,id,standard,23,Comedy,True
Serie A,UCBJeMCIeLQos7wacox4hmLQ,Roma 3-1 Fiorentina | Roma get their Mourinho era underway! | Serie A 2021/22,Roma 3-1 Fiorentina | Roma get their Mourinho era underway! | Serie A 2021/22,08RCeyso9Vc,0,17,1709174,2021-08-26 12:04:16,99,en,asr,17,Sports,True
The Food Theorists,UCHYoe8kQ-7Gn9ASOlmI0k6Q,Food Theory: YOU Solved the Grubhub Mystery!,Food Theory: YOU Solved the Grubhub Mystery!,34PeOFhgi48,0,26,2279157,2021-08-26 12:04:16,100,en,asr,26,Howto & Style,True
Wong Fu Productions,UCutXfzLC5wrV3SInT_tdY0w,Strangers Never Again | Chapter 3,Strangers Never Again | Chapter 3,GKdBjqc5d2E,0,24,215083,2021-08-26 12:04:16,101,en,asr,24,Entertainment,True
Drakeo the Ruler,UC8Ibqx5ELx0Ho7J3L0OlQRA,Drakeo the Ruler - IngleWEIRD #LLKTG,Drakeo the Ruler - IngleWEIRD #LLKTG,ShdVUaOBCvk,0,10,259149,2021-08-26 12:04:16,102,,,10,Music,True
Club Am√©rica,UC3j75twE_C1Y3TKgkN2iffA,Resumen y goles de C√≥rdova y Renato Ibarra | Am√©rica 2-0 Xolos de Tijuana J6,Resumen y goles de C√≥rdova y Renato Ibarra | Am√©rica 2-0 Xolos de Tijuana J6,vvxdN9GGMgc,0,17,314982,2021-08-26 12:04:16,103,es,asr,17,Sports,True
Dream Shorts,UCZWBGXa6kiaWo9-pE8CX6Dg,The Merchant...,The Merchant...,_-SgFlSNxsE,0,22,909383,2021-08-26 12:04:16,104,en,asr,22,People & Blogs,True
Official Jim Cornette,UClkZ_CUNwGavQJy2UAYhfXA,Jim Cornette Reviews CM Punk's AEW Debut In Chicago On Rampage,Jim Cornette Reviews CM Punk's AEW Debut In Chicago On Rampage,2gAToqXvmlM,0,1,373116,2021-08-26 12:04:16,105,en,asr,1,Film & Animation,True
Eamon & Bec,UC4laAHbk8VSgmvB47tsd2XQ,We're Struggling,We're Struggling,8ywgSra3d70,0,19,442708,2021-08-26 12:04:16,106,en,asr,19,Travel & Events,True
Eamon & Bec,UC4laAHbk8VSgmvB47tsd2XQ,We're Struggling,We're Struggling,8ywgSra3d70,0,19,442708,2021-08-26 12:04:16,106,en,standard,19,Travel & Events,True
Stray Kids - Topic,UCIMmuidNJdncfMEelOU08Fg,DOMINO,DOMINO,mcIVRlw23eY,0,10,1203424,2021-08-26 12:04:16,107,,,10,Music,True
Jeremy Jahns,UC7v3-2K1N84V67IF-WTRG-Q,Shang-Chi and the Legend of the Ten Rings - Movie Review,Shang-Chi and the Legend of the Ten Rings - Movie Review,NhcOBb1RKnw,0,24,478555,2021-08-26 12:04:16,108,en,asr,24,Entertainment,True
TheCrazyGorilla,UCJcQeT8LADOXRROXCGM4dRg,Addicted to HOT SAUCE,Addicted to HOT SAUCE,-njZXVQA5L4,0,23,210303,2021-08-26 12:04:16,109,en,asr,23,Comedy,True
TheCrazyGorilla,UCJcQeT8LADOXRROXCGM4dRg,Addicted to HOT SAUCE,Addicted to HOT SAUCE,-njZXVQA5L4,0,23,210303,2021-08-26 12:04:16,109,en,standard,23,Comedy,True
SSundee,UCke6I9N4KfC968-yRcd5YRg,*NEW* RANDOM ROLES *6* in Among Us,*NEW* RANDOM ROLES *6* in Among Us,oAdaap8pl9U,0,20,4434489,2021-08-26 12:04:16,110,en,asr,20,Gaming,True
Vlogs By DK4L,UCYL9lSER7W0kMXbGCprMS0A,A New Chapter | De'arra & Ken,A New Chapter | De'arra & Ken,rLQwlUI3_O4,0,22,1873128,2021-08-26 12:04:16,111,en,asr,22,People & Blogs,True
Skeppy,UCzMjRlKVO9XIqH_crIFpi6w,I Troll Quackity with A Confusing Minecraft Mod...,I Troll Quackity with A Confusing Minecraft Mod...,539H0YoxDYI,0,20,868391,2021-08-26 12:04:16,112,en,asr,20,Gaming,True
Brawl Stars,UCooVYzDxdwTtGYAkcPmOgOw,Brawl Stars: Brawl Talk - Once Upon a Brawl,Brawl Stars: Brawl Talk - Once Upon a Brawl,Db1Xdi6ELgU,0,20,18176664,2021-08-26 12:04:16,113,ar,standard,20,Gaming,True
Brawl Stars,UCooVYzDxdwTtGYAkcPmOgOw,Brawl Stars: Brawl Talk - Once Upon a Brawl,Brawl Stars: Brawl Talk - Once Upon a Brawl,Db1Xdi6ELgU,0,20,18176664,2021-08-26 12:04:16,113,en,asr,20,Gaming,True
Brawl Stars,UCooVYzDxdwTtGYAkcPmOgOw,Brawl Stars: Brawl Talk - Once Upon a Brawl,Brawl Stars: Brawl Talk - Once Upon a Brawl,Db1Xdi6ELgU,0,20,18176664,2021-08-26 12:04:16,113,de,standard,20,Gaming,True
Brawl Stars,UCooVYzDxdwTtGYAkcPmOgOw,Brawl Stars: Brawl Talk - Once Upon a Brawl,Brawl Stars: Brawl Talk - Once Upon a Brawl,Db1Xdi6ELgU,0,20,18176664,2021-08-26 12:04:16,113,en,standard,20,Gaming,True
Brawl Stars,UCooVYzDxdwTtGYAkcPmOgOw,Brawl Stars: Brawl Talk - Once Upon a Brawl,Brawl Stars: Brawl Talk - Once Upon a Brawl,Db1Xdi6ELgU,0,20,18176664,2021-08-26 12:04:16,113,es,standard,20,Gaming,True
Brawl Stars,UCooVYzDxdwTtGYAkcPmOgOw,Brawl Stars: Brawl Talk - Once Upon a Brawl,Brawl Stars: Brawl Talk - Once Upon a Brawl,Db1Xdi6ELgU,0,20,18176664,2021-08-26 12:04:16,113,fi,standard,20,Gaming,True
Brawl Stars,UCooVYzDxdwTtGYAkcPmOgOw,Brawl Stars: Brawl Talk - Once Upon a Brawl,Brawl Stars: Brawl Talk - Once Upon a Brawl,Db1Xdi6ELgU,0,20,18176664,2021-08-26 12:04:16,113,fr,standard,20,Gaming,True
Brawl Stars,UCooVYzDxdwTtGYAkcPmOgOw,Brawl Stars: Brawl Talk - Once Upon a Brawl,Brawl Stars: Brawl Talk - Once Upon a Brawl,Db1Xdi6ELgU,0,20,18176664,2021-08-26 12:04:16,113,id,standard,20,Gaming,True
Brawl Stars,UCooVYzDxdwTtGYAkcPmOgOw,Brawl Stars: Brawl Talk - Once Upon a Brawl,Brawl Stars: Brawl Talk - Once Upon a Brawl,Db1Xdi6ELgU,0,20,18176664,2021-08-26 12:04:16,113,it,standard,20,Gaming,True
Brawl Stars,UCooVYzDxdwTtGYAkcPmOgOw,Brawl Stars: Brawl Talk - Once Upon a Brawl,Brawl Stars: Brawl Talk - Once Upon a Brawl,Db1Xdi6ELgU,0,20,18176664,2021-08-26 12:04:16,113,iw,standard,20,Gaming,True
Brawl Stars,UCooVYzDxdwTtGYAkcPmOgOw,Brawl Stars: Brawl Talk - Once Upon a Brawl,Brawl Stars: Brawl Talk - Once Upon a Brawl,Db1Xdi6ELgU,0,20,18176664,2021-08-26 12:04:16,113,ja,standard,20,Gaming,True
Brawl Stars,UCooVYzDxdwTtGYAkcPmOgOw,Brawl Stars: Brawl Talk - Once Upon a Brawl,Brawl Stars: Brawl Talk - Once Upon a Brawl,Db1Xdi6ELgU,0,20,18176664,2021-08-26 12:04:16,113,ko,standard,20,Gaming,True
Brawl Stars,UCooVYzDxdwTtGYAkcPmOgOw,Brawl Stars: Brawl Talk - Once Upon a Brawl,Brawl Stars: Brawl Talk - Once Upon a Brawl,Db1Xdi6ELgU,0,20,18176664,2021-08-26 12:04:16,113,nl,standard,20,Gaming,True
Brawl Stars,UCooVYzDxdwTtGYAkcPmOgOw,Brawl Stars: Brawl Talk - Once Upon a Brawl,Brawl Stars: Brawl Talk - Once Upon a Brawl,Db1Xdi6ELgU,0,20,18176664,2021-08-26 12:04:16,113,pl,standard,20,Gaming,True
Brawl Stars,UCooVYzDxdwTtGYAkcPmOgOw,Brawl Stars: Brawl Talk - Once Upon a Brawl,Brawl Stars: Brawl Talk - Once Upon a Brawl,Db1Xdi6ELgU,0,20,18176664,2021-08-26 12:04:16,113,pt-BR,standard,20,Gaming,True
Brawl Stars,UCooVYzDxdwTtGYAkcPmOgOw,Brawl Stars: Brawl Talk - Once Upon a Brawl,Brawl Stars: Brawl Talk - Once Upon a Brawl,Db1Xdi6ELgU,0,20,18176664,2021-08-26 12:04:16,113,ru,standard,20,Gaming,True
Brawl Stars,UCooVYzDxdwTtGYAkcPmOgOw,Brawl Stars: Brawl Talk - Once Upon a Brawl,Brawl Stars: Brawl Talk - Once Upon a Brawl,Db1Xdi6ELgU,0,20,18176664,2021-08-26 12:04:16,113,th,standard,20,Gaming,True
Brawl Stars,UCooVYzDxdwTtGYAkcPmOgOw,Brawl Stars: Brawl Talk - Once Upon a Brawl,Brawl Stars: Brawl Talk - Once Upon a Brawl,Db1Xdi6ELgU,0,20,18176664,2021-08-26 12:04:16,113,tr,standard,20,Gaming,True
Brawl Stars,UCooVYzDxdwTtGYAkcPmOgOw,Brawl Stars: Brawl Talk - Once Upon a Brawl,Brawl Stars: Brawl Talk - Once Upon a Brawl,Db1Xdi6ELgU,0,20,18176664,2021-08-26 12:04:16,113,zh-Hans,standard,20,Gaming,True
Brawl Stars,UCooVYzDxdwTtGYAkcPmOgOw,Brawl Stars: Brawl Talk - Once Upon a Brawl,Brawl Stars: Brawl Talk - Once Upon a Brawl,Db1Xdi6ELgU,0,20,18176664,2021-08-26 12:04:16,113,zh-Hant,standard,20,Gaming,True
letsrundotcom,UC4B2YgFex2nERrQDuuCR0Zw,Sha‚ÄôCarri Richardson After Last Place at 2021 Prefontaine Classic 100m,Sha‚ÄôCarri Richardson After Last Place at 2021 Prefontaine Classic 100m,CX1vWLuSx7c,0,17,529663,2021-08-26 12:04:16,114,en,asr,17,Sports,True
Gavin Magnus,UCsDUx3IrrXQI0CbfKMxTCww,Surprising Piper Rockelle W/ 14 GIFTS For Her 14th BIRTHDAY! üéÅ| Gavin Magnus,Surprising Piper Rockelle W/ 14 GIFTS For Her 14th BIRTHDAY! üéÅ| Gavin Magnus,qEFbSup-uSk,0,24,936095,2021-08-26 12:04:16,115,en,asr,24,Entertainment,True
DW News,UCknLrEdhRCp1aegoMqRaCZg,Could the anti-Taliban National Resistance Front retake Afghanistan? | DW News,Could the anti-Taliban National Resistance Front retake Afghanistan? | DW News,Q1r_Mq6Rzpg,0,25,1090298,2021-08-26 12:04:16,116,en,asr,25,News & Politics,True
ChrisFix,UCes1EvRjcKU4sY_UEavndBw,Converting from Incandescent to LED Lights #Shorts,Converting from Incandescent to LED Lights #Shorts,1yGmv0yjQ0k,0,2,391793,2021-08-26 12:04:16,117,en,asr,2,Autos & Vehicles,True
Donut Media,UCL6JmiMXKoXS6bpP1D3bk8g,$800 DIY Off-Road Armor vs. $4000 Aftermarket Armor,$800 DIY Off-Road Armor vs. $4000 Aftermarket Armor,dEVrrWU7Qn8,0,2,1780253,2021-08-26 12:04:16,118,en,asr,2,Autos & Vehicles,True
Donut Media,UCL6JmiMXKoXS6bpP1D3bk8g,$800 DIY Off-Road Armor vs. $4000 Aftermarket Armor,$800 DIY Off-Road Armor vs. $4000 Aftermarket Armor,dEVrrWU7Qn8,0,2,1780253,2021-08-26 12:04:16,118,en,standard,2,Autos & Vehicles,True
BBC News,UC16niRr50-MSBwiO3YDb3RA,Taliban seize power in Afghanistan as President flees country - BBC News,Taliban seize power in Afghanistan as President flees country - BBC News,Y5yCbi4qcpk,0,25,7592941,2021-08-26 12:04:16,119,en,asr,25,News & Politics,True
CNBC,UCvJJ_dzjViJCoLf5uKUTwoA,Why Bill Gates Is Buying Up U.S. Farmland,Why Bill Gates Is Buying Up U.S. Farmland,MJVL9HegCr4,0,25,1232634,2021-08-26 12:04:16,120,vi,asr,25,News & Politics,True
CNBC,UCvJJ_dzjViJCoLf5uKUTwoA,Why Bill Gates Is Buying Up U.S. Farmland,Why Bill Gates Is Buying Up U.S. Farmland,MJVL9HegCr4,0,25,1232634,2021-08-26 12:04:16,120,en,standard,25,News & Politics,True
Cosmo,UC9tlPHOKGpdqFrwCFf3DrqQ,"Why does Minecraft have ""Pirate English"" as a language?","Why does Minecraft have ""Pirate English"" as a language?",pgKfxdUR8Xw,0,20,2313403,2021-08-26 12:04:16,121,en,asr,20,Gaming,True
Tesla Nerd,UCbg8WscadMxcs8EQ97SuZ1Q,Tesla Battery died at very close to charging station #Shorts,Tesla Battery died at very close to charging station #Shorts,hYcTZNCXFFo,0,28,1169831,2021-08-26 12:04:16,122,en,asr,28,Science & Technology,True
TopVelocity.net,UCQ1DknASWip2mUqJ4IPN9RQ,Dominic Miller 49mph 3X Med Ball Throw,Dominic Miller 49mph 3X Med Ball Throw,FXT0SZ7MfCo,0,17,183594,2021-08-26 12:04:16,123,,,17,Sports,True
SmarterEveryDay,UC6107grRI4m0o2-emgoDnAA,How Carburetors are Made (Basically Magic) - Holley Factory Tour | Smarter Every Day 261,How Carburetors are Made (Basically Magic) - Holley Factory Tour | Smarter Every Day 261,1_hFKRDDP_o,0,28,1402374,2021-08-26 12:04:16,124,en,asr,28,Science & Technology,True
TroopzTV,UCr19bNQQxC00MI6DLbpGQhg,"ARSENAL 0-2 CHELSEA | TROOPZ FAN CAM | LUKAKU TOOK MARI'S MANHOOD TODAY, EMBARRASING!! ARTETA OUT","ARSENAL 0-2 CHELSEA | TROOPZ FAN CAM | LUKAKU TOOK MARI'S MANHOOD TODAY, EMBARRASING!! ARTETA OUT",Rj_W06TN4mM,0,17,277925,2021-08-26 12:04:16,125,en,asr,17,Sports,True
Toosii 2x,UCUtmzHuW43bFbUP-Xl0TTKA,Toosii - Stay (Dearra) [Official Music Video],Toosii - Stay (Dearra) [Official Music Video],7VlfrtHam4s,0,10,1048006,2021-08-26 12:04:16,126,nl,asr,10,Music,True
WPRI,UCnwI-VN5jXWIGQKOI9PMDMw,6 am Hurricane Henri Update,6 am Hurricane Henri Update,4vLxknXF1v4,0,25,133923,2021-08-26 12:04:16,127,en,asr,25,News & Politics,True
WPRI,UCnwI-VN5jXWIGQKOI9PMDMw,6 am Hurricane Henri Update,6 am Hurricane Henri Update,4vLxknXF1v4,0,25,133923,2021-08-26 12:04:16,127,en,standard,25,News & Politics,True
WPRI,UCnwI-VN5jXWIGQKOI9PMDMw,6 am Hurricane Henri Update,6 am Hurricane Henri Update,4vLxknXF1v4,0,25,133923,2021-08-26 12:04:16,127,en,standard,25,News & Politics,True
Louie's Life,UCZDdF_p-L88NWVpzF0vjvMQ,Throwing My DREAM QUINCEANERA!! *emotional* | Louie's Life,Throwing My DREAM QUINCEANERA!! *emotional* | Louie's Life,dReAM3Z9OpY,0,24,913479,2021-08-26 12:04:16,128,en,asr,24,Entertainment,True
SSSniperWolf,UCpB959t8iPrxQWj7G6n0ctQ,Tik Toks That Will Get You In Trouble,Tik Toks That Will Get You In Trouble,uofwhLQ1FgU,0,24,6749362,2021-08-26 12:04:16,129,en,asr,24,Entertainment,True
HSM,UC_PQ7gGEKIwJv0YsnxH3dUw,Mo3 & Morray - In My Blood (Official Video),Mo3 & Morray - In My Blood (Official Video),F-trG2hjaQk,0,10,4035956,2021-08-26 12:04:16,130,pt,asr,10,Music,True
Heavy Spoilers,UCq3hT5JPPKy87JGbDls_5BQ,"SPIDERMAN No Way Home Trailer Leaks? Reported Villains, Story Reveals, Doctor Strange And More","SPIDERMAN No Way Home Trailer Leaks? Reported Villains, Story Reveals, Doctor Strange And More",PZwulaQC_ME,0,24,530824,2021-08-26 12:04:16,131,en,asr,24,Entertainment,True
WWE 2K,UCAOfB5hs-T-CNeb1DCmqegg,WWE 2K22 Coming March 2022!  üëäüí•,WWE 2K22 Coming March 2022!  üëäüí•,tgO0XKUpwf4,0,20,200966,2021-08-26 12:04:16,132,en,asr,20,Gaming,True
VICE News,UCZaT_X_mc0BI-djXOlfhqWQ,Inside the Taliban's Takeover of Afghanistan,Inside the Taliban's Takeover of Afghanistan,atUQb_8WsiE,0,25,7758545,2021-08-26 12:04:16,133,en,asr,25,News & Politics,True
Summoning Salt,UCtUbO6rBht0daVIOGML3c8w,The History of Super Mario 64 16 Star World Records,The History of Super Mario 64 16 Star World Records,R_wscUcbynk,0,20,1040997,2021-08-26 12:04:16,134,en,asr,20,Gaming,True
Grian,UCR9Gcq0CMm6YgTzsDxAxjOQ,Hermitcraft 8: Episode 11 - THE FIRST BUILDING,Hermitcraft 8: Episode 11 - THE FIRST BUILDING,UeMIm3FbJTQ,0,20,2731197,2021-08-26 12:04:16,135,en,asr,20,Gaming,True
jacksepticeye,UCYzPXprvl5Y-Sf0g4vX-m6g,Ryan Reynolds Gave Me The Nicest Compliment,Ryan Reynolds Gave Me The Nicest Compliment,uO2GglqD-aI,0,24,1904966,2021-08-26 12:04:16,136,en,asr,24,Entertainment,True
brewstewfilms,UCepPGz8AVCbggMl3BvboaBA,Brewstew - Board Games,Brewstew - Board Games,Hzj0VMbmaus,0,23,782020,2021-08-26 12:04:16,137,en,standard,23,Comedy,True
The Slow Mo Guys,UCUK0HBIBWgM2c4vsPhkYY4w,What if Every Second Lasted an Hour? - The Slow Mo Guys,What if Every Second Lasted an Hour? - The Slow Mo Guys,Jh2cZKQZ1XA,0,24,1171054,2021-08-26 12:04:16,138,en,asr,24,Entertainment,True
Bea Alonzo,UC1ebx44DwOCzCSePqJIdC_g,CALIFORNIA ROAD TRIP PART 2 (USA TRAVEL VLOG) | Bea Alonzo,CALIFORNIA ROAD TRIP PART 2 (USA TRAVEL VLOG) | Bea Alonzo,AcMwGFQ-748,0,22,1907900,2021-08-26 12:04:16,139,en,asr,22,People & Blogs,True
Bea Alonzo,UC1ebx44DwOCzCSePqJIdC_g,CALIFORNIA ROAD TRIP PART 2 (USA TRAVEL VLOG) | Bea Alonzo,CALIFORNIA ROAD TRIP PART 2 (USA TRAVEL VLOG) | Bea Alonzo,AcMwGFQ-748,0,22,1907900,2021-08-26 12:04:16,139,en-US,standard,22,People & Blogs,True
NBC Sports,UCqZQlzSHbVJrwrn5XvzrzcA,Elaine Thompson-Herah expels any doubt - she's the world's fastest woman | 2021 Prefontaine Classic,Elaine Thompson-Herah expels any doubt - she's the world's fastest woman | 2021 Prefontaine Classic,PNoss4bJFAU,0,17,1443892,2021-08-26 12:04:16,140,en,asr,17,Sports,True
TapL,UC9tXyGZiEft9J4ZiI8dHb3Q,"Minecraft, But Villager Upgrades Are Super...","Minecraft, But Villager Upgrades Are Super...",YfmdkTYiQ0A,0,20,1407555,2021-08-26 12:04:16,141,en,asr,20,Gaming,True
beIN SPORTS USA,UC0YatYmg5JRYzXJPxIdRd8g,Brest vs PSG | LIGUE 1 HIGHLIGHTS | 8/20/2021 | beIN SPORTS USA,Brest vs PSG | LIGUE 1 HIGHLIGHTS | 8/20/2021 | beIN SPORTS USA,BbqhUVPGIU4,0,17,589247,2021-08-26 12:04:16,142,en,asr,17,Sports,True
I Talk,UCIZP6nCTyU9VV0zIhY7q1Aw,"Fortnite Item Shop *NEW* MORTY BUNDLE! [August 21st, 2021] (Fortnite Battle Royale)","Fortnite Item Shop *NEW* MORTY BUNDLE! [August 21st, 2021] (Fortnite Battle Royale)",FNEZZLCpPxA,0,20,258840,2021-08-26 12:04:16,143,en,asr,20,Gaming,True
All Elite Wrestling,UCFN4JkGP_bVhAdBsoV9xftA,AEW Media Scrum with CM PUNK and TONY KHAN | AEW Rampage:  The First Dance  | 8/20/21,AEW Media Scrum with CM PUNK and TONY KHAN | AEW Rampage:  The First Dance  | 8/20/21,XM8xcyPAxXw,0,24,1248205,2021-08-26 12:04:16,144,en,asr,24,Entertainment,True
Rochy RD,UCAruFBYLugQOEkhy-Kh6ZiQ,Rochy RD - UVA üçá BOMBOM | Video Oficial x Chuky De Lewa,Rochy RD - UVA üçá BOMBOM | Video Oficial x Chuky De Lewa,lsEqmtE9UA0,0,10,4446196,2021-08-26 12:04:16,145,,,10,Music,True
mayratouchofglam,UCdYIfA_OTih2--tbcKO0b5g,OFFICIAL GENDER REVEAL!,OFFICIAL GENDER REVEAL!,CKx6wPMKFUs,0,26,630605,2021-08-26 12:04:16,146,en,asr,26,Howto & Style,True
CBS Evening News,UCAeWdyKJXGWmVAXFpgLNNTg,Tropical Storm Henri threatens millions in Northeast,Tropical Storm Henri threatens millions in Northeast,V7kzuvxMZ6E,0,25,1180960,2021-08-26 12:04:16,147,en,asr,25,News & Politics,True
Serie A,UCBJeMCIeLQos7wacox4hmLQ,Inter 4-0 Genoa | Inter kick off title defence with emphatic win! | Serie A 2021/22,Inter 4-0 Genoa | Inter kick off title defence with emphatic win! | Serie A 2021/22,feaUK5Ab9eE,0,17,1322458,2021-08-26 12:04:16,148,en,asr,17,Sports,True
RodWave,UCenjunBhBhvKjfDAESnoppw,Rod Wave - Already Won Ft. Lil Durk (Official Audio),Rod Wave - Already Won Ft. Lil Durk (Official Audio),HjBl98aF-NU,0,10,2557574,2021-08-26 12:04:16,149,,,10,Music,True
How Ridiculous,UC5f5IV0Bf79YLp_p9nfInRA,Can The World Record Paper Airplane Fly The Length Of A Stadium?,Can The World Record Paper Airplane Fly The Length Of A Stadium?,tqQyGLe68KM,0,17,912047,2021-08-26 12:04:16,150,en,asr,17,Sports,True
