channelId,channelTitle,videoCategoryId,videoId,videoQueryTime,videoSearchCategoryId,videoTitle,videoTitleLoc,videoTrendingRank,videoViews,captionLang,captionType,assignable,id,videoCategory
UCurvRE5fGcdUgCYWgh-BDsg,DAZN Boxing,17,JeHUHuIRXHo,2021-01-03 16:30:05,0,HIGHLIGHTS | Ryan Garcia vs. Luke Campbell,HIGHLIGHTS | Ryan Garcia vs. Luke Campbell,1,2898104,en,asr,True,17,Sports
UCTBIIbIs83IBsy4E1BQxYBw,Pooh Shiesty,10,0-Tm65i96TY,2021-01-03 16:30:05,0,Pooh Shiesty - Back In Blood (feat. Lil Durk) [Official Music Video],Pooh Shiesty - Back In Blood (feat. Lil Durk) [Official Music Video],2,2821541,en,asr,True,10,Music
UCurvRE5fGcdUgCYWgh-BDsg,DAZN Boxing,17,yWOf-I9n_h0,2021-01-03 16:30:05,0,Ryan Garcia Calls Out Gervonta Davis & Devin Haney After KOing Luke Campbell,Ryan Garcia Calls Out Gervonta Davis & Devin Haney After KOing Luke Campbell,3,738085,en,asr,True,17,Sports
UCmBA_wu8xGg1OfOkfW13Q0Q,Bad Bunny,10,PGJ43zaam_0,2021-01-03 16:30:05,0,BAD BUNNY - BOOKER T (Video Oficial),BAD BUNNY - BOOKER T (Video Oficial),4,10512981,es,asr,True,10,Music
UCIPPMRA040LQr5QPyJEbmXA,MrBeast Gaming,20,xN8ENrfE-TY,2021-01-03 16:30:05,0,"If You Build a House, I'll Pay For It!","If You Build a House, I'll Pay For It!",5,8836555,en,asr,True,20,Gaming
UCzRWWsFjqHk1an4OnVPsl9g,ESPN College Football,17,2sl9svFtjQ8,2021-01-03 16:30:05,0,Sugar Bowl Highlights: Ohio State vs. Clemson | College Football Playoff,Sugar Bowl Highlights: Ohio State vs. Clemson | College Football Playoff,6,1780835,en,asr,True,17,Sports
UCX6OQ3DkcsbYNE6H8uQQuVA,MrBeast,24,PKtnafFtfEo,2021-01-03 16:30:05,0,"Youtube Rewind 2020, Thank God It's Over","Youtube Rewind 2020, Thank God It's Over",7,25530047,en,asr,True,24,Entertainment
UC8zJedg1f4sKnyuHWeS6vyw,50 Cent,10,7INAu0xv3sk,2021-01-03 16:30:05,0,"50 Cent feat. NLE Choppa & Rileyy Lanez - ""Part of the Game"" | Official Music Video","50 Cent feat. NLE Choppa & Rileyy Lanez - ""Part of the Game"" | Official Music Video",8,1030197,pt,asr,True,10,Music
UCI-Oq7oFGakzSzHFlTtsUsQ,ESNEWS,17,B7Ivkss15NA,2021-01-03 16:30:05,0,Devin Haney Surprised By Tayler Holder As He Talks Ryan Garcia KO Win Over Luke Campbell | Esnews,Devin Haney Surprised By Tayler Holder As He Talks Ryan Garcia KO Win Over Luke Campbell | Esnews,9,429855,en,asr,True,17,Sports
UCmxZw7N4Jyljr1RbSs4Ymaw,FightHype.com,17,sIbh5_GdCWE,2021-01-03 16:30:05,0,"LUKE CAMPBELL IMMEDIATE REACTION TO RYAN GARCIA KNOCKOUT LOSS: ""I'M HEARTBROKEN""","LUKE CAMPBELL IMMEDIATE REACTION TO RYAN GARCIA KNOCKOUT LOSS: ""I'M HEARTBROKEN""",10,888088,en,asr,True,17,Sports
UCVjlpEjEY9GpksqbEesJnNA,mrnigelng,23,SGBP3sG3a9Y,2021-01-03 16:30:05,0,Uncle Roger MAKE EGG FRIED RICE for Michelin Star Chef,Uncle Roger MAKE EGG FRIED RICE for Michelin Star Chef,11,942519,en,asr,True,23,Comedy
UCVjlpEjEY9GpksqbEesJnNA,mrnigelng,23,SGBP3sG3a9Y,2021-01-03 16:30:05,0,Uncle Roger MAKE EGG FRIED RICE for Michelin Star Chef,Uncle Roger MAKE EGG FRIED RICE for Michelin Star Chef,11,942519,en,standard,True,23,Comedy
UCa90xqK2odw1KV5wHU9WRhg,The Office,24,LhYJzA3rXps,2021-01-03 16:30:05,0,Best Office Extras with Never-Before-Seen Footage | A Peacock Extra | The Office US,Best Office Extras with Never-Before-Seen Footage | A Peacock Extra | The Office US,12,796983,en,asr,True,24,Entertainment
UCFKE7WVJfvaHW5q283SxchA,Yoga With Adriene,26,GaL3YF1vY2k,2021-01-03 16:30:05,0,Day 2 - Arrive | BREATH - A 30 Day Yoga Journey,Day 2 - Arrive | BREATH - A 30 Day Yoga Journey,13,459314,en,asr,True,26,Howto & Style
UCFKE7WVJfvaHW5q283SxchA,Yoga With Adriene,26,GaL3YF1vY2k,2021-01-03 16:30:05,0,Day 2 - Arrive | BREATH - A 30 Day Yoga Journey,Day 2 - Arrive | BREATH - A 30 Day Yoga Journey,13,459314,en,standard,True,26,Howto & Style
UCGD1IitV7_EXXEcLUc0D9sQ,Dominic Brack,1,m7cFdtNRmXI,2021-01-03 16:30:05,0,ARGUING IN FRONT OF OUR FRIENDS *prank*,ARGUING IN FRONT OF OUR FRIENDS *prank*,14,617930,en,asr,True,1,Film & Animation
UCazhpToa5Z07lgnUL6fYdEw,FlemLo Raps,17,RznLvwK7RsU,2021-01-03 16:30:05,0,What Happened to Dwayne Haskins? (He's Throwing His NFL Career Away),What Happened to Dwayne Haskins? (He's Throwing His NFL Career Away),15,303457,en,asr,True,17,Sports
UCAXEGk-l_ioBMvHa9_uHJjg,A&B Things,22,2YbKnj7OmVQ,2021-01-03 16:30:05,0,IM PREGNANT!,IM PREGNANT!,16,1294308,en,asr,True,22,People & Blogs
UC6Rilx5JAugmgjn_YfYDerg,Diverse Mentality,24,NsiaweNRe0k,2021-01-03 16:30:05,0,"Snoop Dogg Responds To Eminem's Diss Track... ""Better Hope I Don't Respond To That Soft A** Sh*t""","Snoop Dogg Responds To Eminem's Diss Track... ""Better Hope I Don't Respond To That Soft A** Sh*t""",17,141529,en,asr,True,24,Entertainment
UCFKE7WVJfvaHW5q283SxchA,Yoga With Adriene,26,ZSIp00SewO8,2021-01-03 16:30:05,0,Day 1 - Invite  |  BREATH - A 30 Day Yoga Journey,Day 1 - Invite  |  BREATH - A 30 Day Yoga Journey,18,1295212,en,standard,True,26,Howto & Style
UCa90xqK2odw1KV5wHU9WRhg,The Office,24,1Rf9-Ej2xPw,2021-01-03 16:30:05,0,The Matrix | Never-Before-Seen Cold Open | A Peacock Extra,The Matrix | Never-Before-Seen Cold Open | A Peacock Extra,19,2552449,en,asr,True,24,Entertainment
UCHkj014U2CQ2Nv0UZeYpE_A,JustinBieberVEVO,10,KIK3azN4w34,2021-01-03 16:30:05,0,Justin Bieber - Anyone,Justin Bieber - Anyone,20,17999317,en,asr,True,10,Music
UCHkj014U2CQ2Nv0UZeYpE_A,JustinBieberVEVO,10,KIK3azN4w34,2021-01-03 16:30:05,0,Justin Bieber - Anyone,Justin Bieber - Anyone,20,17999317,en,standard,True,10,Music
UCbOCbp5gXL8jigIBZLqMPrw,HarryStylesVEVO,10,L0X03zR0rQk,2021-01-03 16:30:05,0,Harry Styles - Treat People With Kindness (Official Video),Harry Styles - Treat People With Kindness (Official Video),21,10473528,en,asr,True,10,Music
UCIEv3lZ_tNXHzL3ox-_uUGQ,Gordon Ramsay,24,hFd8vijqBzI,2021-01-03 16:30:05,0,Recipes To Start 2021 Off Right | Gordon Ramsay,Recipes To Start 2021 Off Right | Gordon Ramsay,22,169076,,,True,24,Entertainment
UCzRWWsFjqHk1an4OnVPsl9g,ESPN College Football,17,k8PuihJAUGc,2021-01-03 16:30:05,0,Rose Bowl Highlights: Notre Dame vs. Alabama | College Football Playoff on ESPN,Rose Bowl Highlights: Notre Dame vs. Alabama | College Football Playoff on ESPN,23,453612,en,asr,True,17,Sports
UCk7JlPO3PvIbeSQpXnp9Qkw,Game My,20,i2em2NMz28Q,2021-01-03 16:30:05,0,AMONG US Zombie EP1 - 6 | AMONG US Animation Memes,AMONG US Zombie EP1 - 6 | AMONG US Animation Memes,24,2416172,en,asr,True,20,Gaming
UCr8RjWUQ_9KYcIPmWiqBroQ,Jennifer Lopez,10,tXZ0Qq_Nbc0,2021-01-03 16:30:05,0,Jennifer Lopez | New Year's Rockin' Eve Performance,Jennifer Lopez | New Year's Rockin' Eve Performance,25,3442646,en,asr,True,10,Music
UCbT46RpTtZLLri1vhytF5tg,latestlucas,1,mB9-UYgvFkY,2021-01-03 16:30:05,0,her thoughts on the best bro video,her thoughts on the best bro video,26,789003,en,asr,True,1,Film & Animation
UCewMTclBJZPaNEfbf-qYMGA,JackSucksAtLife,24,OyX4YHuy-zI,2021-01-03 16:30:05,0,Why I wasn't in MrBeast's Youtube Rewind 2020,Why I wasn't in MrBeast's Youtube Rewind 2020,27,388281,en,asr,True,24,Entertainment
UCvgfXK4nTYKudb0rFR6noLA,UFC - Ultimate Fighting Championship,17,eMFBEiAJaKc,2021-01-03 16:30:05,0,UFC 257 Free Fight: Conor McGregor vs Dustin Poirier 1,UFC 257 Free Fight: Conor McGregor vs Dustin Poirier 1,28,1587376,en,asr,True,17,Sports
UCn3AViOfcFN4zIICMC5hvPg,Shiloh & Bros,22,aE_zvyuAcuo,2021-01-03 16:30:05,0,If Everything Was Like Among Us *Bloopers 2*,If Everything Was Like Among Us *Bloopers 2*,29,1720868,en,asr,True,22,People & Blogs
UC-XTuGOHIF7vWvbhJZ56wbw,Socksfor2,20,7Jbtl9JTOHQ,2021-01-03 16:30:05,0,Trolling FatMemeGod with a MORPH MOD in minecraft,Trolling FatMemeGod with a MORPH MOD in minecraft,30,925285,en,asr,True,20,Gaming
UCaLfMkkHhSA_LaCta0BzyhQ,Munchies,24,Fpny0WP8sYw,2021-01-03 16:30:05,0,The French Fry King Of Rio de Janeiro,The French Fry King Of Rio de Janeiro,31,175073,pt,asr,True,24,Entertainment
UCY9xPODIpMH1FZDr708s_1g,GavinMagnusVEVO,10,YmXwzRgOSMk,2021-01-03 16:30:05,0,Gavin Magnus - A Whole 'Nother Level (Official Video **FIRST KISS ON CAMERA**),Gavin Magnus - A Whole 'Nother Level (Official Video **FIRST KISS ON CAMERA**),32,996582,en,asr,True,10,Music
UCSqe_4Yk4m0iSQIClCBKwDw,Paradiisedd,27,RZ_SiZ-2cUg,2021-01-03 16:30:05,0,Paradiise - Fake Love feat. Lil Mac [Official Music Video],Paradiise - Fake Love feat. Lil Mac [Official Music Video],33,138024,en,asr,True,27,Education
UCCj956IF62FbT7Gouszaj9w,BBC,24,MpJIg_3DnLk,2021-01-03 16:30:05,0,London's 2021 fireworks ? Happy New Year Live! ? BBC,London's 2021 fireworks ? Happy New Year Live! ? BBC,34,6770218,en,asr,True,24,Entertainment
UCEf_Bc-KVd7onSeifS3py9g,SMTOWN,10,uqcZUIUb7fk,2021-01-03 16:30:05,0,BAEKHYUN ????? 'Get You Alone' MV,BAEKHYUN ????? 'Get You Alone' MV,35,899545,en,standard,True,10,Music
UCEf_Bc-KVd7onSeifS3py9g,SMTOWN,10,uqcZUIUb7fk,2021-01-03 16:30:05,0,BAEKHYUN ????? 'Get You Alone' MV,BAEKHYUN ????? 'Get You Alone' MV,35,899545,ja,standard,True,10,Music
UCEf_Bc-KVd7onSeifS3py9g,SMTOWN,10,uqcZUIUb7fk,2021-01-03 16:30:05,0,BAEKHYUN ????? 'Get You Alone' MV,BAEKHYUN ????? 'Get You Alone' MV,35,899545,ko,standard,True,10,Music
UCEf_Bc-KVd7onSeifS3py9g,SMTOWN,10,uqcZUIUb7fk,2021-01-03 16:30:05,0,BAEKHYUN ????? 'Get You Alone' MV,BAEKHYUN ????? 'Get You Alone' MV,35,899545,zh-Hans,standard,True,10,Music
UCEf_Bc-KVd7onSeifS3py9g,SMTOWN,10,uqcZUIUb7fk,2021-01-03 16:30:05,0,BAEKHYUN ????? 'Get You Alone' MV,BAEKHYUN ????? 'Get You Alone' MV,35,899545,zh-Hant,standard,True,10,Music
UCkEAAkbmhYVnJVSxvp-AfWg,GwenStefaniVEVO,10,vZvkyfwD8mI,2021-01-03 16:30:05,0,Gwen Stefani - Let Me Reintroduce Myself (Official Video),Gwen Stefani - Let Me Reintroduce Myself (Official Video),36,1425279,en,asr,True,10,Music
UCkEAAkbmhYVnJVSxvp-AfWg,GwenStefaniVEVO,10,vZvkyfwD8mI,2021-01-03 16:30:05,0,Gwen Stefani - Let Me Reintroduce Myself (Official Video),Gwen Stefani - Let Me Reintroduce Myself (Official Video),36,1425279,en,standard,True,10,Music
UCNdqe5zJ6k-i7XKoYWA4Z2g,Wassabi,24,6H2uFN70wHc,2021-01-03 16:30:05,0,Thanks for the last 15 years... Goodbye.,Thanks for the last 15 years... Goodbye.,37,2487912,en,asr,True,24,Entertainment
UCCgLoMYIyP0U56dEhEL1wXQ,Chloe Ting,26,CPI_Ve7vsHs,2021-01-03 16:30:05,0,NEW Full Body HIIT Workout to lose Weight | 2021 Flat Stomach Challenge,NEW Full Body HIIT Workout to lose Weight | 2021 Flat Stomach Challenge,38,571013,en,asr,True,26,Howto & Style
UCurvRE5fGcdUgCYWgh-BDsg,DAZN Boxing,17,P9mNxJdq1nM,2021-01-03 16:30:05,0,Ryan Garcia & Luke Campbell Share Special Moment In Locker Room Post-Fight,Ryan Garcia & Luke Campbell Share Special Moment In Locker Room Post-Fight,39,1140666,en,asr,True,17,Sports
UCF4LEacx9sDvAbEJnlaJfKQ,KPIX CBS SF Bay Area,25,YBJeCYZxvnY,2021-01-03 16:30:05,0,Vandals Strike Speaker Pelosi's San Francisco Home,Vandals Strike Speaker Pelosi's San Francisco Home,40,335680,en,asr,True,25,News & Politics
UCF4LEacx9sDvAbEJnlaJfKQ,KPIX CBS SF Bay Area,25,YBJeCYZxvnY,2021-01-03 16:30:05,0,Vandals Strike Speaker Pelosi's San Francisco Home,Vandals Strike Speaker Pelosi's San Francisco Home,40,335680,en,standard,True,25,News & Politics
UCUuMYw2l2UeWyTGYixYfRCA,EvanAndKatelyn,26,FnYI8chEJ_w,2021-01-03 16:30:05,0,DIY Resin Keycaps (we almost failed),DIY Resin Keycaps (we almost failed),41,577321,ar,standard,True,26,Howto & Style
UCUuMYw2l2UeWyTGYixYfRCA,EvanAndKatelyn,26,FnYI8chEJ_w,2021-01-03 16:30:05,0,DIY Resin Keycaps (we almost failed),DIY Resin Keycaps (we almost failed),41,577321,de,standard,True,26,Howto & Style
UCUuMYw2l2UeWyTGYixYfRCA,EvanAndKatelyn,26,FnYI8chEJ_w,2021-01-03 16:30:05,0,DIY Resin Keycaps (we almost failed),DIY Resin Keycaps (we almost failed),41,577321,en,standard,True,26,Howto & Style
UCUuMYw2l2UeWyTGYixYfRCA,EvanAndKatelyn,26,FnYI8chEJ_w,2021-01-03 16:30:05,0,DIY Resin Keycaps (we almost failed),DIY Resin Keycaps (we almost failed),41,577321,es,standard,True,26,Howto & Style
UCUuMYw2l2UeWyTGYixYfRCA,EvanAndKatelyn,26,FnYI8chEJ_w,2021-01-03 16:30:05,0,DIY Resin Keycaps (we almost failed),DIY Resin Keycaps (we almost failed),41,577321,fr,standard,True,26,Howto & Style
UCUuMYw2l2UeWyTGYixYfRCA,EvanAndKatelyn,26,FnYI8chEJ_w,2021-01-03 16:30:05,0,DIY Resin Keycaps (we almost failed),DIY Resin Keycaps (we almost failed),41,577321,hi,standard,True,26,Howto & Style
UCUuMYw2l2UeWyTGYixYfRCA,EvanAndKatelyn,26,FnYI8chEJ_w,2021-01-03 16:30:05,0,DIY Resin Keycaps (we almost failed),DIY Resin Keycaps (we almost failed),41,577321,nl,standard,True,26,Howto & Style
UCUuMYw2l2UeWyTGYixYfRCA,EvanAndKatelyn,26,FnYI8chEJ_w,2021-01-03 16:30:05,0,DIY Resin Keycaps (we almost failed),DIY Resin Keycaps (we almost failed),41,577321,pt,standard,True,26,Howto & Style
UCPgLNge0xqQHWM5B5EFH9Cg,The Telegraph,25,gXe8W3lAlcc,2021-01-03 16:30:05,0,Watch Dubai's 2021 New Year fireworks display,Watch Dubai's 2021 New Year fireworks display,42,4046656,,,True,25,News & Politics
UCFKE7WVJfvaHW5q283SxchA,Yoga With Adriene,26,AjhvRX57XkE,2021-01-03 16:30:05,0,Welcome to BREATH - A 30 Day Yoga Journey  |  Yoga With Adriene,Welcome to BREATH - A 30 Day Yoga Journey  |  Yoga With Adriene,43,1221659,en,standard,True,26,Howto & Style
UCxSz6JVYmzVhtkraHWZC7HQ,Liza Koshy,23,a1a-8EXYYAs,2021-01-03 16:30:05,0,A NEW CHARACTER UNLOCKED,A NEW CHARACTER UNLOCKED,44,776757,en,asr,True,23,Comedy
UCnZx--LpG2spgmlxOcC-DRA,Daniel Thrasher,23,CN0CuBMk6cA,2021-01-03 16:30:05,0,When your cat writes a song,When your cat writes a song,45,525784,en,asr,True,23,Comedy
UCV6g95OBbVtFmN9uiJzkFqQ,CircleToonsHD,1,GdvBAbR5lAw,2021-01-03 16:30:05,0,When You're Too Afraid To Spend Your Skill Points in a Video Game,When You're Too Afraid To Spend Your Skill Points in a Video Game,46,580851,en,asr,True,1,Film & Animation
UCitKV0ebZVbtU2nIPihDGMQ,Dollightful,24,wW-KBzKWvrU,2021-01-03 16:30:05,0,Concerning the Wendigo doll: An Apology,Concerning the Wendigo doll: An Apology,47,2770084,en,asr,True,24,Entertainment
UCHnyfMqiRRG1u-2MsSQLbXA,Veritasium,27,dBap_Lp-0oc,2021-01-03 16:30:05,0,The Illusion Only Some Can See,The Illusion Only Some Can See,48,1614306,en,asr,True,27,Education
UCHnyfMqiRRG1u-2MsSQLbXA,Veritasium,27,dBap_Lp-0oc,2021-01-03 16:30:05,0,The Illusion Only Some Can See,The Illusion Only Some Can See,48,1614306,en,standard,True,27,Education
UCcgVECVN4OKV6DH1jLkqmcA,Jake Paul,22,p19cjKg8dIc,2021-01-03 16:30:05,0,goodbye california. a new chapter.,goodbye california. a new chapter.,49,4636414,en,asr,True,22,People & Blogs
UCnM1ay_QoQOpa1N2iejLA7A,Jatie Vlogs,1,hG2f2zerHhM,2021-01-03 16:30:05,0,Rushing My Fiance To The Hospital *Broke Both Legs*,Rushing My Fiance To The Hospital *Broke Both Legs*,50,1290875,en,asr,True,1,Film & Animation
UC7vVhkEfw4nOGp8TyDk7RcQ,Boston Dynamics,28,fn3KWM1kuAw,2021-01-03 16:30:05,0,Do You Love Me?,Do You Love Me?,51,21745493,en,asr,True,28,Science & Technology
UCR9NuNwCUIhMOLUQnLN7_WA,Kyle Exum,23,o1_Gu5tUu20,2021-01-03 16:30:05,0,Our Generation As Parents Are Bouta Be Like,Our Generation As Parents Are Bouta Be Like,52,922135,en,asr,True,23,Comedy
UCt_DaLB_NDqPVxezyvcfRtg,LARRAY,22,nlGllxnSfgA,2021-01-03 16:30:05,0,"AMONG US W/ CORPSE, JAMES, ADDISON, BRETMAN, KARL, GEORGE, POKI, AND MORE :)","AMONG US W/ CORPSE, JAMES, ADDISON, BRETMAN, KARL, GEORGE, POKI, AND MORE :)",53,3340820,en,asr,True,22,People & Blogs
UCsVcseUYbYjldc-XgcsiEbg,Billboard,10,A8_7Hlbshg0,2021-01-03 16:30:05,0,Chloe x Halle Perform ?Don?t Make It Harder On Me? Live on the Honda Stage,Chloe x Halle Perform ?Don?t Make It Harder On Me? Live on the Honda Stage,54,1645790,en,asr,True,10,Music
UCHsRtomD4twRf5WVHHk-cMw,TierZoo,27,LR7YU6KuXpU,2021-01-03 16:30:05,0,Are Bats OP?,Are Bats OP?,55,978012,en,asr,True,27,Education
UCrkIYC4k9zuLl2KHFfjvSRg,Kenny Chao,24,xwvSURzNMOs,2021-01-03 16:30:05,0,THINGS GOT HEATED! TRASH TALKING 1V1 BASKETBALL AGAINST MARCELAS HOWARD!,THINGS GOT HEATED! TRASH TALKING 1V1 BASKETBALL AGAINST MARCELAS HOWARD!,56,343299,en,asr,True,24,Entertainment
UCPcFg7aBbaVzXoIKSNqwaww,jacksfilms,23,Ud9AbH3Wn2A,2021-01-03 16:30:05,0,THE WORST CHRISTMAS GIFTS OF 2020 (YIAY #529),THE WORST CHRISTMAS GIFTS OF 2020 (YIAY #529),57,668830,en,asr,True,23,Comedy
UCzMjRlKVO9XIqH_crIFpi6w,Skeppy,20,PXejYZPhem4,2021-01-03 16:30:05,0,I Troll BadBoyHalo with A Confusing Minecraft Mod,I Troll BadBoyHalo with A Confusing Minecraft Mod,58,2990102,en,asr,True,20,Gaming
UCSUf5_EPEfl4zlBKZHkZdmw,Danny Gonzalez,23,aHS-rwGYjwM,2021-01-03 16:30:05,0,BANG,BANG,59,2309317,en,asr,True,23,Comedy
UCvvVOIyaYu2l4jiH9L8_eRw,Dax,10,4JI70_9acgE,2021-01-03 16:30:05,0,Dax - i don't want another sorry (feat. Trippie Redd) [Official Music Video],Dax - i don't want another sorry (feat. Trippie Redd) [Official Music Video],60,1594930,en,asr,True,10,Music
UC0ZV6M2THA81QT9hrVWJG3A,Apex Legends,20,iT4C1aIS9Ww,2021-01-03 16:30:05,0,Apex Legends | Stories from the Outlands ? ?Fight Night?,Apex Legends | Stories from the Outlands ? ?Fight Night?,61,4258801,ar,standard,True,20,Gaming
UC0ZV6M2THA81QT9hrVWJG3A,Apex Legends,20,iT4C1aIS9Ww,2021-01-03 16:30:05,0,Apex Legends | Stories from the Outlands ? ?Fight Night?,Apex Legends | Stories from the Outlands ? ?Fight Night?,61,4258801,da,standard,True,20,Gaming
UC0ZV6M2THA81QT9hrVWJG3A,Apex Legends,20,iT4C1aIS9Ww,2021-01-03 16:30:05,0,Apex Legends | Stories from the Outlands ? ?Fight Night?,Apex Legends | Stories from the Outlands ? ?Fight Night?,61,4258801,de-DE,standard,True,20,Gaming
UC0ZV6M2THA81QT9hrVWJG3A,Apex Legends,20,iT4C1aIS9Ww,2021-01-03 16:30:05,0,Apex Legends | Stories from the Outlands ? ?Fight Night?,Apex Legends | Stories from the Outlands ? ?Fight Night?,61,4258801,en,standard,True,20,Gaming
UC0ZV6M2THA81QT9hrVWJG3A,Apex Legends,20,iT4C1aIS9Ww,2021-01-03 16:30:05,0,Apex Legends | Stories from the Outlands ? ?Fight Night?,Apex Legends | Stories from the Outlands ? ?Fight Night?,61,4258801,es-ES,standard,True,20,Gaming
UC0ZV6M2THA81QT9hrVWJG3A,Apex Legends,20,iT4C1aIS9Ww,2021-01-03 16:30:05,0,Apex Legends | Stories from the Outlands ? ?Fight Night?,Apex Legends | Stories from the Outlands ? ?Fight Night?,61,4258801,es-MX,standard,True,20,Gaming
UC0ZV6M2THA81QT9hrVWJG3A,Apex Legends,20,iT4C1aIS9Ww,2021-01-03 16:30:05,0,Apex Legends | Stories from the Outlands ? ?Fight Night?,Apex Legends | Stories from the Outlands ? ?Fight Night?,61,4258801,fi,standard,True,20,Gaming
UC0ZV6M2THA81QT9hrVWJG3A,Apex Legends,20,iT4C1aIS9Ww,2021-01-03 16:30:05,0,Apex Legends | Stories from the Outlands ? ?Fight Night?,Apex Legends | Stories from the Outlands ? ?Fight Night?,61,4258801,fr-FR,standard,True,20,Gaming
UC0ZV6M2THA81QT9hrVWJG3A,Apex Legends,20,iT4C1aIS9Ww,2021-01-03 16:30:05,0,Apex Legends | Stories from the Outlands ? ?Fight Night?,Apex Legends | Stories from the Outlands ? ?Fight Night?,61,4258801,it,standard,True,20,Gaming
UC0ZV6M2THA81QT9hrVWJG3A,Apex Legends,20,iT4C1aIS9Ww,2021-01-03 16:30:05,0,Apex Legends | Stories from the Outlands ? ?Fight Night?,Apex Legends | Stories from the Outlands ? ?Fight Night?,61,4258801,ja,standard,True,20,Gaming
UC0ZV6M2THA81QT9hrVWJG3A,Apex Legends,20,iT4C1aIS9Ww,2021-01-03 16:30:05,0,Apex Legends | Stories from the Outlands ? ?Fight Night?,Apex Legends | Stories from the Outlands ? ?Fight Night?,61,4258801,ko,standard,True,20,Gaming
UC0ZV6M2THA81QT9hrVWJG3A,Apex Legends,20,iT4C1aIS9Ww,2021-01-03 16:30:05,0,Apex Legends | Stories from the Outlands ? ?Fight Night?,Apex Legends | Stories from the Outlands ? ?Fight Night?,61,4258801,nl-NL,standard,True,20,Gaming
UC0ZV6M2THA81QT9hrVWJG3A,Apex Legends,20,iT4C1aIS9Ww,2021-01-03 16:30:05,0,Apex Legends | Stories from the Outlands ? ?Fight Night?,Apex Legends | Stories from the Outlands ? ?Fight Night?,61,4258801,no,standard,True,20,Gaming
UC0ZV6M2THA81QT9hrVWJG3A,Apex Legends,20,iT4C1aIS9Ww,2021-01-03 16:30:05,0,Apex Legends | Stories from the Outlands ? ?Fight Night?,Apex Legends | Stories from the Outlands ? ?Fight Night?,61,4258801,pl,standard,True,20,Gaming
UC0ZV6M2THA81QT9hrVWJG3A,Apex Legends,20,iT4C1aIS9Ww,2021-01-03 16:30:05,0,Apex Legends | Stories from the Outlands ? ?Fight Night?,Apex Legends | Stories from the Outlands ? ?Fight Night?,61,4258801,pt-BR,standard,True,20,Gaming
UC0ZV6M2THA81QT9hrVWJG3A,Apex Legends,20,iT4C1aIS9Ww,2021-01-03 16:30:05,0,Apex Legends | Stories from the Outlands ? ?Fight Night?,Apex Legends | Stories from the Outlands ? ?Fight Night?,61,4258801,pt-PT,standard,True,20,Gaming
UC0ZV6M2THA81QT9hrVWJG3A,Apex Legends,20,iT4C1aIS9Ww,2021-01-03 16:30:05,0,Apex Legends | Stories from the Outlands ? ?Fight Night?,Apex Legends | Stories from the Outlands ? ?Fight Night?,61,4258801,ru,standard,True,20,Gaming
UC0ZV6M2THA81QT9hrVWJG3A,Apex Legends,20,iT4C1aIS9Ww,2021-01-03 16:30:05,0,Apex Legends | Stories from the Outlands ? ?Fight Night?,Apex Legends | Stories from the Outlands ? ?Fight Night?,61,4258801,sv,standard,True,20,Gaming
UC0ZV6M2THA81QT9hrVWJG3A,Apex Legends,20,iT4C1aIS9Ww,2021-01-03 16:30:05,0,Apex Legends | Stories from the Outlands ? ?Fight Night?,Apex Legends | Stories from the Outlands ? ?Fight Night?,61,4258801,zh-Hans,standard,True,20,Gaming
UC0ZV6M2THA81QT9hrVWJG3A,Apex Legends,20,iT4C1aIS9Ww,2021-01-03 16:30:05,0,Apex Legends | Stories from the Outlands ? ?Fight Night?,Apex Legends | Stories from the Outlands ? ?Fight Night?,61,4258801,zh-Hant,standard,True,20,Gaming
UCrGjmFNE5m3ffHv-YWE7scw,Peloton,17,M03wT8AjyXc,2021-01-03 16:30:05,0,Beyonc? Classes | Peloton App | A Peloton Exclusive,Beyonc? Classes | Peloton App | A Peloton Exclusive,62,17799173,,,True,17,Sports
UCefl-5pmhZmljwZTE2KrcdA,VINwiki,2,Y8orbC7KoWc,2021-01-03 16:30:05,0,An update on the El Chapo McLaren & other lessons learned in 2020,An update on the El Chapo McLaren & other lessons learned in 2020,63,671623,en,asr,True,2,Autos & Vehicles
UCWJ2lWNubArHWmf3FIHbfcQ,NBA,17,iLGA-HuaZGw,2021-01-03 16:30:05,0,"LAKERS at SPURS | FULL GAME HIGHLIGHTS | December 30, 2020","LAKERS at SPURS | FULL GAME HIGHLIGHTS | December 30, 2020",64,1902894,en,asr,True,17,Sports
UCpB959t8iPrxQWj7G6n0ctQ,SSSniperWolf,24,zV0f4GJTrLM,2021-01-03 16:30:05,0,Trying Viral TikTok Life Hacks to see if they work,Trying Viral TikTok Life Hacks to see if they work,65,4084506,en,asr,True,24,Entertainment
UCqg5FCR7NrpvlBWMXdt-5Vg,The Escapist,20,U_JlkXTdFD4,2021-01-03 16:30:05,0,Cyberpunk 2077 (Zero Punctuation),Cyberpunk 2077 (Zero Punctuation),66,753191,en,asr,True,20,Gaming
UCqg5FCR7NrpvlBWMXdt-5Vg,The Escapist,20,U_JlkXTdFD4,2021-01-03 16:30:05,0,Cyberpunk 2077 (Zero Punctuation),Cyberpunk 2077 (Zero Punctuation),66,753191,en-GB,standard,True,20,Gaming
UCHL9bfHTxCMi-7vfxQ-AYtg,Abroad in Japan,24,Pp6ggz_uwWE,2021-01-03 16:30:05,0,Why I Avoid CHRISTMAS in Japan,Why I Avoid CHRISTMAS in Japan,67,770750,en,asr,True,24,Entertainment
UC6G2vAJrt407lwiynW116Eg,The Kid LAROI.,10,TDu2qv5U5sc,2021-01-03 16:30:05,0,The Kid LAROI - TRAGIC (feat. YoungBoy Never Broke Again & Internet Money) [Official Video],The Kid LAROI - TRAGIC (feat. YoungBoy Never Broke Again & Internet Money) [Official Video],68,4444965,,,True,10,Music
UCWJ2lWNubArHWmf3FIHbfcQ,NBA,17,4pJoaBc1LEs,2021-01-03 16:30:05,0,"HORNETS at MAVERICKS | FULL GAME HIGHLIGHTS | December 30, 2020","HORNETS at MAVERICKS | FULL GAME HIGHLIGHTS | December 30, 2020",69,1323014,en,asr,True,17,Sports
UC3sznuotAs2ohg_U__Jzj_Q,The Film Theorists,1,g4tPO8tuP9E,2021-01-03 16:30:05,0,Film Theory: Titanic is about Time Travel... No REALLY!,Film Theory: Titanic is about Time Travel... No REALLY!,70,2289680,en,asr,True,1,Film & Animation
UC0IXvMUUPeYNVGe88ieMDEg,Seventeen,26,HGNL4ep0KlY,2021-01-03 16:30:05,0,ENHYPEN Reveals Who's The Best Dancer Who Takes The Most Selfies And More | Superlatives | Seventeen,ENHYPEN Reveals Who's The Best Dancer Who Takes The Most Selfies And More | Superlatives | Seventeen,71,587393,ko,asr,True,26,Howto & Style
UCWJ2lWNubArHWmf3FIHbfcQ,NBA,17,DU1m45OXBxY,2021-01-03 16:30:05,0,"HAWKS at NETS | FULL GAME HIGHLIGHTS | December 30, 2020","HAWKS at NETS | FULL GAME HIGHLIGHTS | December 30, 2020",72,1730267,en,asr,True,17,Sports
UCrGjmFNE5m3ffHv-YWE7scw,Peloton,17,vMqd2juJMgA,2021-01-03 16:30:05,0,A Peloton App Exclusive | The Elvis Remixes,A Peloton App Exclusive | The Elvis Remixes,73,16255241,ko,asr,True,17,Sports
UCr6n2gOy_WwuXFm-YjC28GQ,TheSmithPlays,20,UvkxT-WqxRA,2021-01-03 16:30:05,0,The End,The End,74,1170597,en,asr,True,20,Gaming
UCO5IQ70V7l-XpHW40HwaGsw,SZA,10,IGHSYEzCp9c,2021-01-03 16:30:05,0,SZA - Good Days (Official Lyric Video),SZA - Good Days (Official Lyric Video),75,920877,nl,asr,True,10,Music
UCC_66Dd88p5EMqpR8Y4mUTw,SAVANNAH DEXTER,10,z5QTBAPbSk4,2021-01-03 16:30:05,0,Savannah Dexter - Savage (Official Music Video),Savannah Dexter - Savage (Official Music Video),76,355094,en,asr,True,10,Music
UCL5YbN5WLFD8dLIegT5QAbA,agadmator's Chess Channel,24,3BgG4bUDHa4,2021-01-03 16:30:05,0,!@#$%$#!! || Dubov vs Carlsen || Airthings Masters (2020),!@#$%$#!! || Dubov vs Carlsen || Airthings Masters (2020),77,549028,en,asr,True,24,Entertainment
UCNdpD9V0PIrH1glUJ6RG4-w,FaZe Clan,20,xTAI9253Jt8,2021-01-03 16:30:05,0,Introducing FaZe Flea - #FaZe5 Winner,Introducing FaZe Flea - #FaZe5 Winner,78,975614,en,standard,True,20,Gaming
UC-ikVvfoDcZuqOjTqFDpVqw,Super Siah,22,gEarr4D5lM8,2021-01-03 16:30:05,0,Super Siah - Cool Mom ft Lady Boss Official Music Video,Super Siah - Cool Mom ft Lady Boss Official Music Video,79,453758,en,asr,True,22,People & Blogs
UCB9_VH_CNbbH4GfKu8qh63w,DEATH BATTLE!,24,ZyJoRqW9fbU,2021-01-03 16:30:05,0,Hulk VS Broly (Marvel VS Dragon Ball) | DEATH BATTLE!,Hulk VS Broly (Marvel VS Dragon Ball) | DEATH BATTLE!,80,2852170,en,asr,True,24,Entertainment
UCPWQWav6BpPvtanCtloXkiw,The CW Network,24,-OUSrZVxIrw,2021-01-03 16:30:05,0,Superman & Lois | Family Crest | Season Trailer | The CW,Superman & Lois | Family Crest | Season Trailer | The CW,81,533357,en,asr,True,24,Entertainment
UCC74ALumghkHDPIfrIF_Uiw,Aly & AJ,10,jJY-Gv0Ag9E,2021-01-03 16:30:05,0,Aly & AJ - Potential Breakup Song Explicit (Official Audio),Aly & AJ - Potential Breakup Song Explicit (Official Audio),82,1055728,en,asr,True,10,Music
UC0v-tlzsn0QZwJnkiaUSJVQ,REACT,24,YI2xrGxvIc4,2021-01-03 16:30:05,0,Teens React To Corpse Husband,Teens React To Corpse Husband,83,659584,en,asr,True,24,Entertainment
UCdu8QrpJd6rdHU9fHl8J01A,Hope For Paws - Official Rescue Channel,15,VGXiflY8jCc,2021-01-03 16:30:05,0,Injured dog laid on the freeway for 24 hours and just waited to die ?,Injured dog laid on the freeway for 24 hours and just waited to die ?,84,479947,en,asr,True,15,Pets & Animals
UCRijo3ddMTht_IHyNSNXpNQ,Dude Perfect,17,1SIX0HTH-50,2021-01-03 16:30:05,0,Worst Dude Perfect Videos of All Time | OT 23,Worst Dude Perfect Videos of All Time | OT 23,85,9804302,de,standard,True,17,Sports
UCRijo3ddMTht_IHyNSNXpNQ,Dude Perfect,17,1SIX0HTH-50,2021-01-03 16:30:05,0,Worst Dude Perfect Videos of All Time | OT 23,Worst Dude Perfect Videos of All Time | OT 23,85,9804302,en,standard,True,17,Sports
UCRijo3ddMTht_IHyNSNXpNQ,Dude Perfect,17,1SIX0HTH-50,2021-01-03 16:30:05,0,Worst Dude Perfect Videos of All Time | OT 23,Worst Dude Perfect Videos of All Time | OT 23,85,9804302,es-419,standard,True,17,Sports
UCRijo3ddMTht_IHyNSNXpNQ,Dude Perfect,17,1SIX0HTH-50,2021-01-03 16:30:05,0,Worst Dude Perfect Videos of All Time | OT 23,Worst Dude Perfect Videos of All Time | OT 23,85,9804302,fr,standard,True,17,Sports
UCRijo3ddMTht_IHyNSNXpNQ,Dude Perfect,17,1SIX0HTH-50,2021-01-03 16:30:05,0,Worst Dude Perfect Videos of All Time | OT 23,Worst Dude Perfect Videos of All Time | OT 23,85,9804302,ru,standard,True,17,Sports
UC-lHJZR3Gqxm24_Vd_AJ5Yw,PewDiePie,20,zvpVRTobCC0,2021-01-03 16:30:05,0,Reacting to Winning Most Handsome Face 2020,Reacting to Winning Most Handsome Face 2020,86,6373397,en,asr,True,20,Gaming
UCe52oeb7Xv_KaJsEzcKXJJg,MBCkpop,10,WX92Gf6ayeM,2021-01-03 16:30:05,0,"[2020 MBC ?????] ??(????) X ??(ITZY) X ?(Stray Kids) - ? ??? ???, MBC 201231 ??","[2020 MBC ?????] ??(????) X ??(ITZY) X ?(Stray Kids) - ? ??? ???, MBC 201231 ??",87,1586364,en,asr,True,10,Music
UCdXxSvQhfViPj4y20Q5s3gw,Wilmer Roberts,10,U657eCy7Hh0,2021-01-03 16:30:05,0,Wilmer Roberts - ?DOLO (Video Oficial),Wilmer Roberts - ?DOLO (Video Oficial),88,591022,es,asr,True,10,Music
UCQCnMFr8uHBaMTaNBhych_A,Mini Ladd,22,_WfGgl9Q1JQ,2021-01-03 16:30:05,0,My Apology,My Apology,89,1455566,en,asr,True,22,People & Blogs
UCY9eEaH19ulZmdusctU1ejA,Glamour,24,rB_Gfp2yMJs,2021-01-03 16:30:05,0,The Try Guys Fact Check Fans on the Internet | Glamour,The Try Guys Fact Check Fans on the Internet | Glamour,90,696839,en,asr,True,24,Entertainment
UCY9eEaH19ulZmdusctU1ejA,Glamour,24,rB_Gfp2yMJs,2021-01-03 16:30:05,0,The Try Guys Fact Check Fans on the Internet | Glamour,The Try Guys Fact Check Fans on the Internet | Glamour,90,696839,en-US,standard,True,24,Entertainment
UCeveumRTn2o--9j1Xz2KUCQ,RunTheJewels,10,6-M15L4BTqI,2021-01-03 16:30:05,0,Run The Jewels - Walking In The Snow (Official Music Video),Run The Jewels - Walking In The Snow (Official Music Video),91,180692,nl,asr,True,10,Music
UCuVxaQDraOja6xKidcmoufA,Polygon,20,EqzghgtJ1Is,2021-01-03 16:30:05,0,Pok?mon Edibility | Unraveled,Pok?mon Edibility | Unraveled,92,1062543,en-US,standard,True,20,Gaming
UCVIFCOJwv3emlVmBbPCZrvw,Joel Haver,1,A9fq3GLlP5M,2021-01-03 16:30:05,0,Hearing Enemy Music in an RPG,Hearing Enemy Music in an RPG,93,1635653,en,asr,True,1,Film & Animation
UCOpcACMWblDls9Z6GERVi1A,Screen Junkies,1,dMUxFSETaCY,2021-01-03 16:30:05,0,Honest Trailers | 2020 (feat. Patton Oswalt),Honest Trailers | 2020 (feat. Patton Oswalt),94,861383,en,asr,True,1,Film & Animation
UC4PziMH5MvvsmqM0VCZTy-g,The Graham Norton Show,24,lNk4KRWBnao,2021-01-03 16:30:05,0,Tom Hanks's Joke Leaves Emily Blunt In Stitches | The Graham Norton Show,Tom Hanks's Joke Leaves Emily Blunt In Stitches | The Graham Norton Show,95,794806,,,True,24,Entertainment
UC0HVR9T6oFS3veefhGCGEsw,Fenty Beauty By Rihanna,26,O0-g1N-7k2Y,2021-01-03 16:30:05,0,TUTORIAL TUESDAY WITH RIHANNA: SOFT MATTE POWDER FOUNDATION | FENTY BEAUTY,TUTORIAL TUESDAY WITH RIHANNA: SOFT MATTE POWDER FOUNDATION | FENTY BEAUTY,96,385885,en,asr,True,26,Howto & Style
UC6OwWfpp8qHf1rfnOXKfxBw,TheRubber,1,L_T2bAYaD2I,2021-01-03 16:30:05,0,SCP-2845 THE DEER (SCP Animation),SCP-2845 THE DEER (SCP Animation),97,987194,en,asr,True,1,Film & Animation
UCJ5v_MCY6GNUBTO8-D3XoAg,WWE,17,CLBHqrrve9k,2021-01-03 16:30:05,0,"Alexa Bliss? burning question for Randy Orton: Raw, Dec. 28, 2020","Alexa Bliss? burning question for Randy Orton: Raw, Dec. 28, 2020",98,1962820,en,standard,True,17,Sports
UC0sEIyXXalzD1lbwm3D2xpA,RuPaul's Drag Race,24,GbrjXC07LWw,2021-01-03 16:30:05,0,Watch Act 1 of S13 E1 ? The Pork Chop | RuPaul?s Drag Race,Watch Act 1 of S13 E1 ? The Pork Chop | RuPaul?s Drag Race,99,1298788,en,asr,True,24,Entertainment
UCOTPo2y-NHJjg1EuENrxypA,First Things First,17,n3Viw9PcBbc,2021-01-03 16:30:05,0,KD is rusty; Kyrie's playing like one of best in the world ? Broussard | NBA | FIRST THINGS FIRST,KD is rusty; Kyrie's playing like one of best in the world ? Broussard | NBA | FIRST THINGS FIRST,100,134618,,,True,17,Sports
UCzTKskwIc_-a0cGvCXA848Q,NikkieTutorials,24,Nx1Jp2U23PM,2021-01-03 16:30:06,0,Peeling Back The Past | NikkieTutorials: Layers Of Me,Peeling Back The Past | NikkieTutorials: Layers Of Me,101,2180575,de,standard,True,24,Entertainment
UCzTKskwIc_-a0cGvCXA848Q,NikkieTutorials,24,Nx1Jp2U23PM,2021-01-03 16:30:06,0,Peeling Back The Past | NikkieTutorials: Layers Of Me,Peeling Back The Past | NikkieTutorials: Layers Of Me,101,2180575,en,standard,True,24,Entertainment
UCzTKskwIc_-a0cGvCXA848Q,NikkieTutorials,24,Nx1Jp2U23PM,2021-01-03 16:30:06,0,Peeling Back The Past | NikkieTutorials: Layers Of Me,Peeling Back The Past | NikkieTutorials: Layers Of Me,101,2180575,es-419,standard,True,24,Entertainment
UCzTKskwIc_-a0cGvCXA848Q,NikkieTutorials,24,Nx1Jp2U23PM,2021-01-03 16:30:06,0,Peeling Back The Past | NikkieTutorials: Layers Of Me,Peeling Back The Past | NikkieTutorials: Layers Of Me,101,2180575,ko,standard,True,24,Entertainment
UCzTKskwIc_-a0cGvCXA848Q,NikkieTutorials,24,Nx1Jp2U23PM,2021-01-03 16:30:06,0,Peeling Back The Past | NikkieTutorials: Layers Of Me,Peeling Back The Past | NikkieTutorials: Layers Of Me,101,2180575,nl,standard,True,24,Entertainment
UCzTKskwIc_-a0cGvCXA848Q,NikkieTutorials,24,Nx1Jp2U23PM,2021-01-03 16:30:06,0,Peeling Back The Past | NikkieTutorials: Layers Of Me,Peeling Back The Past | NikkieTutorials: Layers Of Me,101,2180575,pt-BR,standard,True,24,Entertainment
UCxcTeAKWJca6XyJ37_ZoKIQ,The Pat McAfee Show,17,8HXgfd6l7-4,2021-01-03 16:30:06,0,Pat McAfee Reacts To Dwayne Haskins Being Released,Pat McAfee Reacts To Dwayne Haskins Being Released,102,1108353,en,asr,True,17,Sports
UCiGecDgb0eNo8z-oo1wuu0A,please DON'T CHECK my YouTube channel,24,LeVJM4PH20o,2021-01-03 16:30:06,0,Watch this video with your one eye closed,Watch this video with your one eye closed,103,396432,,,True,24,Entertainment
UCpIafFPGutTAKOBHMtGen7g,Gus Johnson,23,h6PZSwkJgCw,2021-01-03 16:30:06,0,scrolling through midwestern family photos,scrolling through midwestern family photos,104,1016719,,,True,23,Comedy
UCOJplhB0wGQWv9OuRmMT-4g,loonatheworld,24,kRp9otmtTxw,2021-01-03 16:30:06,0,[Teaser] ??? ?? (LOONA) ?New Moon?,[Teaser] ??? ?? (LOONA) ?New Moon?,105,623146,,,True,24,Entertainment
UC2V6TA0OqHr9BojcHz9az-w,Being The Elite,22,L7O_79xnE1Y,2021-01-03 16:30:06,0,?Brodie? - Being The Elite Ep. 236,?Brodie? - Being The Elite Ep. 236,106,599836,en,asr,True,22,People & Blogs
UCc35WvHmQjLE8NN4Y_ITmUQ,Trevor Wallace,23,GkrhnnOTFks,2021-01-03 16:30:06,0,people who use air fryers,people who use air fryers,107,1030951,en,asr,True,23,Comedy
UCPpATKqmMV-CNRNWYaDUwiA,Alexa Rivera,26,n_1MItMEekY,2021-01-03 16:30:06,0,I HID FROM MY FRIENDS FOR 24 HOURS!!,I HID FROM MY FRIENDS FOR 24 HOURS!!,108,8830744,en,asr,True,26,Howto & Style
UCTTJMptGhfJA67e40DlqbNw,Karina Garcia,26,yUWPt0Te940,2021-01-03 16:30:06,0,OUR OFFICIAL GENDER REVEAL! Karina Garcia,OUR OFFICIAL GENDER REVEAL! Karina Garcia,109,2088262,en,asr,True,26,Howto & Style
UCk9aeo2A6a1fg3VeRueTn9w,AmandaRachLee,26,EXb3ZZkmxGY,2021-01-03 16:30:06,0,PLAN WITH ME | January 2021 Bullet Journal Setup,PLAN WITH ME | January 2021 Bullet Journal Setup,110,459476,en,standard,True,26,Howto & Style
UCknLrEdhRCp1aegoMqRaCZg,DW News,25,JimrD-wO4zE,2021-01-03 16:30:06,0,Earthquake hits Croatia with 6.4 magnitude | DW News,Earthquake hits Croatia with 6.4 magnitude | DW News,111,527947,en,asr,True,25,News & Politics
UCU7iRrk3xfpUk0R6VdyC1Ow,NBA on TNT,17,MyIJTSlTThU,2021-01-03 16:30:06,0,Which Teams Won?t Make The Playoffs the Year? | NBA on TNT,Which Teams Won?t Make The Playoffs the Year? | NBA on TNT,112,466819,en,asr,True,17,Sports
UC8AyTVmO6GWOrZHka8cLHQw,kenzie,24,nKdHAGVy3QU,2021-01-03 16:30:06,0,doing tacodas makeup!!! Q&A,doing tacodas makeup!!! Q&A,113,1469999,en,asr,True,24,Entertainment
UC2Th9fjegtGqBQ7UMXTDWuQ,SLS,17,Jl3YPiSuUT8,2021-01-03 16:30:06,0,SLS UNSANCTIONED,SLS UNSANCTIONED,114,304420,en,asr,True,17,Sports
UCDVYQ4Zhbm3S2dlz7P1GBDg,NFL,17,zki-HDVDhc8,2021-01-03 16:30:06,0,Bills vs. Patriots Week 16 Highlights | NFL 2020,Bills vs. Patriots Week 16 Highlights | NFL 2020,115,1459352,en,asr,True,17,Sports
UCNSzfesc7IgWZwg4n6uXr1A,Tucker Budzyn,15,04KxKOCZGLo,2021-01-03 16:30:06,0,Pretending to Put My Dog on a Diet,Pretending to Put My Dog on a Diet,116,2332394,en,asr,True,15,Pets & Animals
UCQ8Nk1VgyMgM7Mx3sX8WhPw,Pringus McDingus,1,OZTUY41c7PE,2021-01-03 16:30:06,0,"December 10, 2020","December 10, 2020",117,754708,en,asr,True,1,Film & Animation
UCQKSdeUhlX9v7BkjPd7TRpA,Tea with Monique,22,AZ3-B4wT1R4,2021-01-03 16:30:06,0,"""Drag Queens"" Official Video HaZel aka Monique Samuels","""Drag Queens"" Official Video HaZel aka Monique Samuels",118,216399,,,True,22,People & Blogs
UCBa659QWEk1AI4Tg--mrJ2A,Tom Scott,27,dcuNq3Bw9Xs,2021-01-03 16:30:06,0,"How Weird Is My Audience? I Polled 15,408 People To Find Out","How Weird Is My Audience? I Polled 15,408 People To Find Out",119,1273251,en,asr,True,27,Education
UCBa659QWEk1AI4Tg--mrJ2A,Tom Scott,27,dcuNq3Bw9Xs,2021-01-03 16:30:06,0,"How Weird Is My Audience? I Polled 15,408 People To Find Out","How Weird Is My Audience? I Polled 15,408 People To Find Out",119,1273251,en,standard,True,27,Education
UCn1XB-jvmd9fXMzhiA6IR0w,Domics,23,uUj674eH1sE,2021-01-03 16:30:06,0,I got scammed,I got scammed,120,1726084,en,asr,True,23,Comedy
UCMk0u-pViW-Ff4F9SAGcI4g,Mike Majlak Vlogs,24,EphRoqoCLSE,2021-01-03 16:30:06,0,THE NIGHT SHIFT: how bad is the mr. beast burger?,THE NIGHT SHIFT: how bad is the mr. beast burger?,121,2139283,en,asr,True,24,Entertainment
UCKqqDlf6lfo3ChRA4-gzusQ,DDG,10,TbyFUNjWD8g,2021-01-03 16:30:06,0,DDG - LET YOU IN (Official Music Video),DDG - LET YOU IN (Official Music Video),122,909149,nl,asr,True,10,Music
UCXVxMuWK6l_pCyxEk07EIRw,STARZ,24,UxRuWH4hEb0,2021-01-03 16:30:06,0,Official Tease | Power Book III: Raising Kanan | STARZ,Official Tease | Power Book III: Raising Kanan | STARZ,123,534123,en,asr,True,24,Entertainment
UCAeWdyKJXGWmVAXFpgLNNTg,CBS Evening News,25,7RwGGlh6om4,2021-01-03 16:30:06,0,Person of interest in Nashville bombing identified by authorities,Person of interest in Nashville bombing identified by authorities,124,2381371,en,asr,True,25,News & Politics
UCTkXRDQl0luXxVQrRQvWS6w,Dream,20,k4v6slOxxXs,2021-01-03 16:30:06,0,Minecraft Speedrunner VS 4 Hunters FINALE REMATCH,Minecraft Speedrunner VS 4 Hunters FINALE REMATCH,125,21390419,en,asr,True,20,Gaming
UCQ5w3fSomzziZfO7neK7eAg,AJR,10,Ew8jKnliFZg,2021-01-03 16:30:06,0,AJR - My Play (Official Video),AJR - My Play (Official Video),126,423669,nl,asr,True,10,Music
UCfdNM3NAhaBOXCafH7krzrA,The Infographics Show,27,CX0XP3d0q2Q,2021-01-03 16:30:06,0,FBI Confirms Zodiac Killer Cypher Has Been Cracked,FBI Confirms Zodiac Killer Cypher Has Been Cracked,127,2523040,en,asr,True,27,Education
UCfdNM3NAhaBOXCafH7krzrA,The Infographics Show,27,CX0XP3d0q2Q,2021-01-03 16:30:06,0,FBI Confirms Zodiac Killer Cypher Has Been Cracked,FBI Confirms Zodiac Killer Cypher Has Been Cracked,127,2523040,en,standard,True,27,Education
UCqFhfan_P2AmGVB1X2B-3Aw,Farruko,10,hwajjgtCYAo,2021-01-03 16:30:06,0,"Farruko, Ghettospm Ft. Nino Freestyle - No Hago Coro (Official Music Video)","Farruko, Ghettospm Ft. Nino Freestyle - No Hago Coro (Official Music Video)",128,4040537,es,asr,True,10,Music
UCqQo7ewe87aYAe7ub5UqXMw,House of Highlights,17,UFjijOhpOik,2021-01-03 16:30:06,0,"Ja Morant LEG Injury, Taken In a Wheelchair | Grizzlies vs Nets | December 28, 2020","Ja Morant LEG Injury, Taken In a Wheelchair | Grizzlies vs Nets | December 28, 2020",129,494991,en,asr,True,17,Sports
UCHvpvPosasDgAbqGumlQqAw,ANNA SHUMATE,22,uV5htGHv0Kk,2021-01-03 16:30:06,0,VLOG #1: Q & A,VLOG #1: Q & A,130,340338,en,asr,True,22,People & Blogs
UCCqEeDAUf4Mg0GgEN658tkA,Chris Stuckmann,24,D2AjToBel_Y,2021-01-03 16:30:06,0,Wonder Woman 1984 - Movie Review,Wonder Woman 1984 - Movie Review,131,1580739,en,asr,True,24,Entertainment
UCDVYQ4Zhbm3S2dlz7P1GBDg,NFL,17,O1vCXnyOJD0,2021-01-03 16:30:06,0,Eagles vs. Cowboys Week 16 Highlights | NFL 2020,Eagles vs. Cowboys Week 16 Highlights | NFL 2020,132,1602487,en,asr,True,17,Sports
UCDVYQ4Zhbm3S2dlz7P1GBDg,NFL,17,0C7_1eT29wY,2021-01-03 16:30:06,0,Titans vs. Packers Week 16 Highlights | NFL 2020,Titans vs. Packers Week 16 Highlights | NFL 2020,133,1636203,en,asr,True,17,Sports
UC6-NBhOCP8DJqnpZE4TNE-A,Lance Stewart,24,qWY7vrP-3Go,2021-01-03 16:30:06,0,The BEST Christmas PRESENT Opening EVER! (NEW HOUSE SURPRISE),The BEST Christmas PRESENT Opening EVER! (NEW HOUSE SURPRISE),134,1422007,en,asr,True,24,Entertainment
UC4PziMH5MvvsmqM0VCZTy-g,The Graham Norton Show,24,DVjF5UIcw-E,2021-01-03 16:30:06,0,Jamie Dornan Hilariously Rips Into Emily Blunt's Attempt At Pouring Guinness | Graham Norton Show,Jamie Dornan Hilariously Rips Into Emily Blunt's Attempt At Pouring Guinness | Graham Norton Show,135,434796,nl,asr,True,24,Entertainment
UCWwWOFsW68TqXE-HZLC3WIA,The ACE Family,22,RItR1fugq4c,2021-01-03 16:30:06,0,THE ACE FAMILY CHRISTMAS SPECIAL 2020!!!,THE ACE FAMILY CHRISTMAS SPECIAL 2020!!!,136,3334088,en,asr,True,22,People & Blogs
UCDAtdrD1M71LEvd-KeJxqyQ,Globe Soccer Awards,17,4QvEWDJWlW8,2021-01-03 16:30:06,0,Player of the Century 2001-2020: Cristiano Ronaldo,Player of the Century 2001-2020: Cristiano Ronaldo,137,1186543,en,asr,True,17,Sports
UC6107grRI4m0o2-emgoDnAA,SmarterEveryDay,28,AqqaYs7LjlM,2021-01-03 16:30:06,0,How Sonar Works (Submarine Shadow Zone) - Smarter Every Day 249,How Sonar Works (Submarine Shadow Zone) - Smarter Every Day 249,138,1717768,en,asr,True,28,Science & Technology
UC6107grRI4m0o2-emgoDnAA,SmarterEveryDay,28,AqqaYs7LjlM,2021-01-03 16:30:06,0,How Sonar Works (Submarine Shadow Zone) - Smarter Every Day 249,How Sonar Works (Submarine Shadow Zone) - Smarter Every Day 249,138,1717768,en,standard,True,28,Science & Technology
UCWkYXtnAuu7VTLPwUcRSB6A,Kylie Jenner,22,k5XukvUA1Nk,2021-01-03 16:30:06,0,Kylie Jenner: Christmas Decorations 2020,Kylie Jenner: Christmas Decorations 2020,139,8726102,en,asr,True,22,People & Blogs
UCKThSW8eYiFVcAWVD0qxwoA,MijaresOficial,10,XLFfnPfzlg0,2021-01-03 16:30:06,0,El Privilegio de Amar - Mijares feat Lucero Mijares (Sinfonico Online),El Privilegio de Amar - Mijares feat Lucero Mijares (Sinfonico Online),140,2815579,es,asr,True,10,Music
UC5UYMeKfZbFYnLHzoTJB1xA,Schaffrillas Productions,24,eNeGOy31dFA,2021-01-03 16:30:06,0,Soul - Is It Good or Nah? (Pixar Review),Soul - Is It Good or Nah? (Pixar Review),141,1062297,en,asr,True,24,Entertainment
UCO5IQ70V7l-XpHW40HwaGsw,SZA,10,6lOgh8torPA,2021-01-03 16:30:06,0,SZA- Hit Different x Good Days (Official Acoustic Video),SZA- Hit Different x Good Days (Official Acoustic Video),142,2778801,,,True,10,Music
UCeBnbqt4VRhotq2TQjkIi2A,LaurenzSide,22,RdeARRYKB7Q,2021-01-03 16:30:06,0,Baby Gender Reveal + Testing Old Wives Tales Gender Predictions,Baby Gender Reveal + Testing Old Wives Tales Gender Predictions,143,1405432,en,asr,True,22,People & Blogs
UCDK9qD5DAQML-pzrtA7A4oA,OfflineTV,20,T3-WhikeOMk,2021-01-03 16:30:06,0,"OFFLINETV $10,000 WHITE ELEPHANT ft. Valkyrae Fuslie Myth Starsmitten","OFFLINETV $10,000 WHITE ELEPHANT ft. Valkyrae Fuslie Myth Starsmitten",144,2982704,en,asr,True,20,Gaming
UCKN9PT9mTOnUHqUnEE0gfyw,MissRemiAshten,26,-DlR-rgtkYg,2021-01-03 16:30:06,0,WHAT I GOT FOR CHRISTMAS 2020!!,WHAT I GOT FOR CHRISTMAS 2020!!,145,455276,en,asr,True,26,Howto & Style
UCilwZiBBfI9X6yiZRzWty8Q,FaZe Rug,24,bpGUPI6O2ok,2021-01-03 16:30:06,0,WORLDS BEST FAMILY CHRISTMAS GIFTS OPENING!! (NEW CAR SURPRISE),WORLDS BEST FAMILY CHRISTMAS GIFTS OPENING!! (NEW CAR SURPRISE),146,5473900,en,asr,True,24,Entertainment
UCz091zMddKqqJNnOv6HhxDg,Almaz,20,YPv43YYWLng,2021-01-03 16:30:06,0,Among us - SECRET MINECRAFT MAP,Among us - SECRET MINECRAFT MAP,147,4056701,en,asr,True,20,Gaming
UCKzhoblE_rPZbHtQKPVUp2A,SZAVEVO,10,oh64haEP9g8,2021-01-03 16:30:06,0,SZA - Good Days (Audio),SZA - Good Days (Audio),148,3363320,en,asr,True,10,Music
UCLXo7UDZvByw2ixzpQCufnA,Vox,25,IUEN2TAqlmU,2021-01-03 16:30:06,0,The real cost of smart speakers,The real cost of smart speakers,149,977575,en-US,standard,True,25,News & Politics
UC3IZKseVpdzPSBaWxBxundA,Big Hit Labels,10,YZY5ApG89FU,2021-01-03 16:30:06,0,[2021NYEL] 2021 NEW YEAR'S EVE LIVE Relay Q&A - #Halsey #Lauv #SteveAoki,[2021NYEL] 2021 NEW YEAR'S EVE LIVE Relay Q&A - #Halsey #Lauv #SteveAoki,150,1967611,en,standard,True,10,Music
